Annee,Region,Insuffisance_ponderale,Malnutrition_chronique,Malnutrition_aigue,Temp_max_moy,Temp_max_abs,Temp_min_moy,Temp_min_abs,Precipitation_annuelle_mm,Precipitation_max_jour_mm,Humidite_max_moy,Vent_max_kmh,Vent_moy_kmh,Pression_max_moy,Couverture_nuageuse_moy,UV_moy,Ensoleillement_total_h,Ensoleillement_moy_h_jour,Nb_jours_pluie,Nb_jours_chaud,Precip_saison_cyclonique_mm,Vent_max_saison_cyclonique,Nb_jours_vent_fort_cyclone,Precip_saison_seche_mm,Temp_max_seche,Croissance_PIB_pct,Inflation_moy_pct,Chomage_national_pct,Pauvrete_national_pct,Production_riz_paddy_tonnes,Production_cafe_tonnes,Import_miel_tons,Export_miel_tons,Cout_alimentation_saine_PPA,Cout_legumes_PPA,Cout_fruits_PPA,Pop_rgph3_2018,Pop_estimee,Superficie_km2,Densite_pop,Cycl_nbre_cyclones,Cycl_sinistres_total,Cycl_decedes_total,Cycl_max_categorie_Saffir,Annee_sin,Annee_cos,Insuffisance_ponderale_lag1,Insuffisance_ponderale_delta,Insuffisance_ponderale_ma3,Malnutrition_chronique_lag1,Malnutrition_chronique_delta,Malnutrition_chronique_ma3,Malnutrition_aigue_lag1,Malnutrition_aigue_delta,Malnutrition_aigue_ma3,Insuffisance_ponderale_moy_region,Insuffisance_ponderale_std_region,Malnutrition_chronique_moy_region,Malnutrition_chronique_std_region,Malnutrition_aigue_moy_region,Malnutrition_aigue_std_region,Stress_thermique,Amplitude_thermique,Indice_vuln_cyclone,R_Alaotra Mangoro,R_Amoron'i Mania,R_Analamanga,R_Analanjirofo,R_Androy,R_Anosy,R_Atsimo-Andrefana,R_Atsinanana,R_Betsiboka,R_Boeny,R_Bongolava,R_Diana,R_Haute Matsiatra,R_Ihorombe,R_Itasy,R_Melaky,R_Menabe,R_Sava,R_Sofia,R_Vakinankaratra,R_Vatovavy Fitovinany,PIB_Agriculture_MrdAr,Part_Agriculture_PIB_pct,PIB_Agriculture_croissance_pct,Pluie_APIPA_mm,Pluie_APIPA_max_jour_mm,Debit_max_APIPA_m3s,Debit_moy_APIPA_m3s,Chomage_2010_pct,Chomage_2012_pct,Sous_emploi_inadequat_2012_pct,Sous_emploi_duree_2012_pct,Source_enquete,FAO_stunted_children_pct,FAO_wasting_children_pct,Food_supply_variability_kcal,Pauvrete_region_2021_pct,Pauvrete_region_2010_pct,Pauvrete_region_est_pct,Acces_eau_potable_pct,Assainissement_ameliore_pct,Alpha_tisation_pct,Scolarisation_primaire_net_pct,Couverture_sanitaire_CSB2_10000hab,Vaccination_DTC3_pct,GDP_per_capita_PPP_const2017,FAO_acces_eau_base_pct,FAO_assainissement_base_pct,FAO_eau_securisee_pct,FAO_assainissement_securise_pct,Anemie_femmes_15_49_pct,Allaitement_exclusif_0_5m_pct,Faible_poids_naissance_pct,Stabilite_politique_index,Prod_alimentaire_variability,Besoins_energetiques_kcal_j,Besoins_energetiques_min_kcal_j,CV_consommation_calorique,Pertes_caloriques_detail_pct,Nb_enfants_retard_croissance_M,Nb_enfants_emaciation_M,Nb_nouveau_ne_faible_poids_M,Densite_ferree_km_100km2,Mais_prod_nationale_tonnes,Mais_surface_ha,Mais_rendement_hg_ha,Manioc_prod_nationale_tonnes,Manioc_surface_ha,Manioc_rendement_hg_ha,Manioc_par_habitant_kg,Riz_paddy_prod_nationale_tonnes,Riz_par_habitant_kg,Kcal_dispo_riz_manioc_par_jour,R_Atsimo-Atsinanana
2012,Alaotra Mangoro,36.7444800683028,56.45245844119748,6.872812315642429,21.83606557377049,28.0,13.581967213114757,7.0,4065.6,145.7,93.59836065573772,57.0,16.89344262295082,1018.2540983606556,45.23668032786885,4.538251366120218,7783.5,10.633196721311476,552.0,0.0,3598.8,57.0,2.0,180.6,20.342391304347824,3.1,6.1,5.4,71.5,,66900.0,1.54,20.2,,,,1065000.0,904430.5195794606,27400.0,33.00841312333798,2,0,0,1,0.0,1.0,,,36.7444800683028,,,56.45245844119748,,,6.872812315642429,28.526269103327785,4.4033545447715,47.90953789839954,4.327679402292357,5.185965875571351,1.258746819801214,5.370933090754253,8.254098360655735,1.171,True,False,False,False,False,False,False,False,False,False,False,False,False,False,False,False,False,False,False,False,False,3502.0987811488167,2090.852667066967,,,,,,3.0,0.8,80.35,8.7,ENSOMD_2012,47.3,7.5,21.0,53.6,50.8,51.3090909090909,46.3,14.7,61.3,72.8,0.8,58.3,1497.0,46.2,9.1,15.5,7.7,37.5,41.9,19.5,-0.54,4.6,2133.0,1675.0,0.28,1.69,1.7,0.3,0.2,0.1,447948.0,269997.0,16591.0,3621309.0,475658.0,76133.0,163.65611496037585,4550649,205.65534062084168,2689.4341811220474,0
2013,Alaotra Mangoro,36.7444800683028,56.45245844119748,6.872812315642429,22.068493150684933,29.0,13.597260273972603,5.0,3698.2,118.1,92.86575342465754,36.0,16.350684931506848,1018.7835616438356,43.46541095890411,4.468493150684932,7843.9,10.745068493150685,548.0,0.0,3510.0,35.0,0.0,155.0,20.32608695652174,2.3,5.5,1.3,72.0,,63750.0,1.78,34.5,,,,1065000.0,930029.1406369038,27400.0,33.942669366310355,3,0,0,2,0.5406408174555976,0.8412535328311812,36.7444800683028,0.0,36.7444800683028,56.45245844119748,0.0,56.45245844119748,6.872812315642429,0.0,6.872812315642429,28.526269103327785,4.4033545447715,47.90953789839954,4.327679402292357,5.185965875571351,1.258746819801214,5.967360648608764,8.47123287671233,1.805,True,False,False,False,False,False,False,False,False,False,False,False,False,False,False,False,False,False,False,False,False,3222.9938264013444,1869.6956328105864,-7.96964826491603,,,,,3.0,0.8,80.35,8.7,ENSOMD_2012,46.5,,24.0,53.6,50.8,51.56363636363636,46.3,14.7,61.3,72.8,0.8,58.3,1491.1,47.1,9.5,16.1,8.1,37.4,,19.4,-0.66,3.9,2137.0,1678.0,0.28,1.67,1.7,,0.2,0.1,380848.0,229684.0,16581.0,3114578.0,401316.0,77609.0,136.8814248515654,3610626,158.68205306982463,2121.6368917997006,0
2014,Alaotra Mangoro,28.3,46.9,5.7,22.312328767123287,28.0,13.695890410958905,6.0,2317.8,91.5,92.52054794520548,41.0,16.873972602739727,1018.8684931506848,43.0958904109589,4.523287671232877,7864.299999999999,10.773013698630136,514.0,0.0,2112.2,34.0,0.0,177.4,20.75543478260869,3.3,7.2,1.5,72.5,,49223.0,1.55,16.8,,,,1065000.0,956439.1284473564,27400.0,34.90653753457505,4,45000,68,3,0.9096319953545184,0.4154150130018864,36.7444800683028,-8.444480068302799,33.92965337886853,56.45245844119748,-9.55245844119748,53.26830562746499,6.872812315642429,-1.172812315642429,6.481874877094953,28.526269103327785,4.4033545447715,47.90953789839954,4.327679402292357,5.185965875571351,1.258746819801214,9.626511677937392,8.616438356164382,2.502,True,False,False,False,False,False,False,False,False,False,False,False,False,False,False,False,False,False,False,False,False,3247.217788854804,1845.951058261545,0.7515981648809733,,,,,3.0,0.8,80.35,8.7,MICS_2018,45.7,,35.0,53.6,50.8,51.81818181818182,46.3,14.7,61.3,72.8,0.8,58.3,1500.9,48.0,9.9,16.7,8.4,37.4,,19.4,-0.56,10.5,2142.0,1681.0,0.28,1.67,1.7,,0.2,0.1,366172.0,217542.0,16832.0,2929743.0,376323.0,77852.0,125.20280318296454,3977863,169.99429584021428,2178.91649461231,0
2015,Alaotra Mangoro,28.3,46.9,5.7,22.649315068493152,29.0,13.986301369863014,6.0,4112.8,81.8,90.43561643835616,51.0,17.942465753424656,1018.9561643835616,37.21404109589041,4.816438356164384,7743.4,10.607397260273972,372.0,0.0,3877.8,51.0,2.0,205.8,21.190217391304348,3.3,8.2,1.8,73.0,,47507.0,2.71,53.6,,,,1065000.0,983498.2096602164,27400.0,35.894095243073586,3,0,0,1,0.9898214418809328,-0.142314838273285,28.3,0.0,31.114826689434267,46.9,0.0,50.08415281373249,5.7,0.0,6.090937438547477,28.526269103327785,4.4033545447715,47.90953789839954,4.327679402292357,5.185965875571351,1.258746819801214,5.507030506830663,8.663013698630138,1.4529999999999998,True,False,False,False,False,False,False,False,False,False,False,False,False,False,False,False,False,False,False,False,False,3155.481221746184,1718.2949329657465,-2.8250820571222857,,,,,3.0,0.8,80.35,8.7,MICS_2018,45.0,,52.0,53.6,50.8,52.07272727272727,46.3,14.7,61.3,72.8,0.8,58.3,1508.4,48.9,10.3,17.3,8.7,37.4,,19.3,-0.43,11.0,2147.0,1684.0,0.28,1.67,1.7,,0.2,0.1,329367.0,192137.0,17142.0,2676952.0,346550.0,77246.0,111.25226780008892,3722304,154.69637163510671,1971.071038912372,0
2016,Alaotra Mangoro,28.3,46.9,5.7,22.363387978142075,29.0,13.442622950819672,6.0,3283.0,138.7,90.84426229508196,41.0,17.549180327868854,1019.7049180327868,35.45628415300546,4.69672131147541,7898.8,10.790710382513662,380.0,0.0,3098.6,28.0,0.0,168.6,20.157608695652176,4.2,6.9,2.0,74.0,,53093.0,2.72,57.1,,,,1065000.0,1009908.1974706688,27400.0,36.85796341133828,3,10000,15,3,0.7557495743542583,-0.654860733945285,28.3,0.0,28.3,46.9,0.0,46.9,5.7,0.0,5.7,28.526269103327785,4.4033545447715,47.90953789839954,4.327679402292357,5.185965875571351,1.258746819801214,6.811875716765786,8.920765027322403,2.184,True,False,False,False,False,False,False,False,False,False,False,False,False,False,False,False,False,False,False,False,False,3184.2017671732337,1616.7507251586012,0.910179570365388,,,,,3.0,0.8,80.35,8.7,MICS_2018,44.2,,69.0,53.6,50.8,52.32727272727273,46.3,14.7,61.3,72.8,0.8,58.3,1528.6,49.8,10.7,17.9,9.1,37.5,,19.2,-0.29,11.2,2151.0,1687.0,0.28,1.67,1.7,,0.2,,316331.0,182758.0,17309.0,2629478.0,342723.0,76723.0,106.42153195622512,3815849,154.4369248549065,1947.4073647181729,0
2017,Alaotra Mangoro,28.3,46.9,5.7,23.23835616438356,31.0,13.934246575342463,7.0,2823.0,68.6,90.4,55.0,15.813698630136988,1019.1561643835616,32.71027397260274,4.882191780821918,7965.599999999999,10.911780821917809,434.0,0.0,2466.8,55.0,2.0,306.4,21.88043478260869,4.1,8.4,2.5,75.0,,59602.0,3.19,58.7,3.08,,,1065000.0,1037332.3937223832,27400.0,37.85884648621836,3,83000,80,4,0.2817325568414296,-0.9594929736144974,28.3,0.0,28.3,46.9,0.0,46.9,5.7,0.0,5.7,28.526269103327785,4.4033545447715,47.90953789839954,4.327679402292357,5.185965875571351,1.258746819801214,8.231794603040582,9.304109589041095,2.665,True,False,False,False,False,False,False,False,False,False,False,False,False,False,False,False,False,False,False,False,False,3207.061056780647,1661.9746049336782,0.71789702031686,,,,,3.0,0.8,80.35,8.7,MICS_2018,43.4,,59.0,53.6,50.8,52.58181818181818,46.3,14.7,61.3,72.8,0.8,58.3,1548.2,50.7,11.1,18.5,9.4,37.5,,19.0,-0.3,10.1,2155.0,1690.0,0.28,1.67,1.7,,0.2,,281487.0,161716.0,17406.0,2522722.0,328799.0,76725.0,99.40158663107492,3600500,141.86874838574573,1796.1182409858354,0
2018,Alaotra Mangoro,28.3,46.9,5.7,23.83561643835617,30.0,14.186301369863012,8.0,2793.4,46.2,88.81095890410958,33.0,15.145205479452056,1018.8602739726028,29.441438356164383,5.098630136986301,7996.4,10.953972602739723,402.0,0.0,2606.6,33.0,0.0,134.2,22.32608695652174,4.6,8.6,4.2,75.3,397000.0,60114.0,5.59,93.6,3.18,,,1065000.0,1065000.0,27400.0,38.86861313868613,2,0,0,2,-0.2817325568414294,-0.9594929736144976,28.3,0.0,28.3,46.9,0.0,46.9,5.7,0.0,5.7,28.526269103327785,4.4033545447715,47.90953789839954,4.327679402292357,5.185965875571351,1.258746819801214,8.532833263534103,9.649315068493152,1.499,True,False,False,False,False,False,False,False,False,False,False,False,False,False,False,False,False,False,False,False,False,3309.0533149764565,1665.830970966667,3.1802406125124527,,,,,3.0,0.8,80.35,8.7,MICS_2018,42.4,6.4,25.0,53.6,50.8,52.83636363636364,46.3,14.7,61.3,72.8,0.8,58.3,1557.3,51.6,11.5,19.2,9.7,37.7,50.6,18.9,-0.58,2.5,2159.0,1692.0,0.28,1.67,1.7,0.3,0.2,0.1,215000.0,122963.0,17485.0,2500000.0,319450.0,78260.0,95.9471906662573,4030000,154.66687135400676,1903.6974104247545,0
2019,Alaotra Mangoro,24.7,44.9,3.7,24.66301369863013,34.0,14.865753424657534,5.0,3850.0,57.5,88.76438356164384,28.0,13.742465753424655,1018.8,33.041438356164385,5.082191780821918,7909.0,10.834246575342464,472.0,0.0,3301.8,23.0,0.0,352.4,23.157608695652176,5.0,6.3,4.0,75.2,477000.0,65760.0,11.2,92.5,3.21,,,1065000.0,1094209.203108335,27400.0,39.934642449209306,2,0,0,1,-0.7557495743542582,-0.6548607339452852,28.3,-3.6000000000000014,27.100000000000005,46.9,-2.0,46.23333333333333,5.7,-2.0,5.033333333333334,28.526269103327785,4.4033545447715,47.90953789839954,4.327679402292357,5.185965875571351,1.258746819801214,6.405977584059776,9.797260273972604,1.069,True,False,False,False,False,False,False,False,False,False,False,False,False,False,False,False,False,False,False,False,False,3560.435825605637,1745.795143860416,7.596810528601883,,,,,3.0,0.8,80.35,8.7,EDSM_2021,41.4,,20.0,53.6,50.8,53.09090909090909,46.3,14.7,61.3,72.8,0.8,58.3,1585.5,52.5,11.9,19.9,10.1,37.8,,18.8,-0.32,3.0,2163.0,1695.0,0.28,1.67,1.7,,0.2,0.1,219220.0,126258.0,17363.0,2913862.0,369977.0,78758.0,108.84550003093987,3910629,146.0791104522089,1877.889552417082,0
2020,Alaotra Mangoro,24.7,44.9,3.7,24.00546448087432,35.0,13.797814207650273,5.0,4303.4,149.9,90.6256830601093,29.0,14.245901639344265,1018.74043715847,45.927254098360656,4.8469945355191255,7345.5,10.03483606557377,400.0,0.0,4043.4,23.0,0.0,163.2,22.47826086956522,5.5,7.2,4.5,77.4,,,0.98,102.5,3.2,,,1065000.0,1123377.8378790186,27400.0,40.99919116346784,3,0,0,2,-0.9898214418809328,-0.1423148382732852,24.7,0.0,25.9,44.9,0.0,45.56666666666666,3.7,0.0,4.366666666666667,28.526269103327785,4.4033545447715,47.90953789839954,4.327679402292357,5.185965875571351,1.258746819801214,5.578255444735399,10.207650273224044,1.769,True,False,False,False,False,False,False,False,False,False,False,False,False,False,False,False,False,False,False,False,False,3583.02095770052,1996.883604241949,0.6343361656024449,,,,,3.0,0.8,80.35,8.7,EDSM_2021,40.4,,22.0,53.6,50.8,53.345454545454544,46.3,14.7,61.3,72.8,0.8,58.3,1436.2,53.4,12.3,20.5,10.4,,,18.7,-0.53,4.2,2167.0,1697.0,0.28,1.67,1.6,,0.2,0.1,224883.0,127026.0,17704.0,2599679.0,328226.0,79204.0,94.58793328879533,4227927,153.830867974814,1889.7225511614288,0
2021,Alaotra Mangoro,24.7,44.9,3.7,25.15068493150685,36.0,13.747945205479452,6.0,3169.2,68.5,89.65205479452055,25.0,14.063013698630137,1019.6739726027396,44.69315068493151,4.920547945205479,7374.8,10.102465753424658,430.0,8.0,2936.6,23.0,0.0,89.0,23.342391304347824,6.0,5.5,5.0,78.0,,,,,3.34,0.41,0.43,1065000.0,1153236.134389761,27400.0,42.08891001422485,2,3000,5,2,-0.9096319953545186,0.415415013001886,24.7,0.0,24.7,44.9,0.0,44.9,3.7,0.0,3.7,28.526269103327785,4.4033545447715,47.90953789839954,4.327679402292357,5.185965875571351,1.258746819801214,7.935972779094676,11.402739726027397,1.469,True,False,False,False,False,False,False,False,False,False,False,False,False,False,False,False,False,False,False,False,False,,,,,,,,3.0,0.8,80.35,8.7,EDSM_2021,39.4,7.2,15.0,53.6,50.8,53.6,46.3,14.7,61.3,72.8,0.8,58.3,1463.6,,,,,,54.4,,-0.64,,2184.0,1709.0,0.28,1.67,1.6,0.3,,,232026.0,126200.0,18386.0,2439642.0,306295.0,79650.0,86.46686673995505,4391386,155.6414375821142,1871.484981702268,0
2022,Alaotra Mangoro,24.7,44.9,3.7,24.542465753424658,33.0,13.126027397260271,5.0,3969.2,106.7,89.64657534246575,49.0,15.189041095890412,1019.6986301369864,46.147602739726025,4.778082191780822,7312.5,10.017123287671232,384.0,0.0,3782.0,49.0,0.0,123.8,23.532608695652176,3.8,10.6,5.5,77.5,,,,,3.65,,,1065000.0,1183662.3876276093,27400.0,43.19935721268647,4,0,0,4,-0.5406408174555974,0.8412535328311812,24.7,0.0,24.7,44.9,0.0,44.9,3.7,0.0,3.7,28.526269103327785,4.4033545447715,47.90953789839954,4.327679402292357,5.185965875571351,1.258746819801214,6.183227288477441,11.416438356164385,2.947,True,False,False,False,False,False,False,False,False,False,False,False,False,False,False,False,False,False,False,False,False,,,,,,,,3.0,0.8,80.35,8.7,EDSM_2021,38.6,7.2,,53.6,50.8,53.85454545454546,46.3,14.7,61.3,72.8,0.8,58.3,,,,,,,,,,,2187.0,1711.0,0.3,1.67,1.6,,,,,,,,,,,4200000,145.03182270084608,1390.716108090305,0
2012,Amoron'i Mania,43.91851726344867,63.95988133340352,8.121279901710782,22.22131147540984,30.0,13.83879781420765,6.0,2557.5,103.4,93.59016393442624,62.0,11.754098360655735,1017.9699453551912,47.58435792349727,4.461748633879782,3753.5,10.255464480874316,311.0,0.0,2134.7,62.0,1.0,222.4,21.10869565217392,3.1,6.1,5.4,71.5,,66900.0,1.54,20.2,,,,721000.0,612295.2156026207,6220.0,98.43974527373324,2,0,0,1,0.0,1.0,,,43.91851726344867,,,63.95988133340352,,,8.121279901710782,32.24882132062703,8.314511861634832,54.30179660607337,5.43356769761037,5.194778163947415,2.194480635252664,8.688684838869927,8.382513661202188,1.186,False,True,False,False,False,False,False,False,False,False,False,False,False,False,False,False,False,False,False,False,False,3502.0987811488167,2090.852667066967,,,,,,1.2,0.3,87.08,10.8,ENSOMD_2012,47.3,7.5,21.0,78.6,77.2,77.45454545454545,45.7,12.1,58.7,66.2,0.8,52.1,1497.0,46.2,9.1,15.5,7.7,37.5,41.9,19.5,-0.54,4.6,2133.0,1675.0,0.28,1.69,1.7,0.3,0.2,0.1,447948.0,269997.0,16591.0,3621309.0,475658.0,76133.0,163.65611496037585,4550649,205.65534062084168,2689.4341811220474,0
2013,Amoron'i Mania,43.91851726344867,63.95988133340352,8.121279901710782,22.48767123287672,30.0,13.493150684931509,5.0,2189.1,103.3,92.3917808219178,37.0,11.476712328767125,1018.5753424657536,43.83972602739726,4.432876712328767,3798.4,10.406575342465754,306.0,0.0,1829.8,37.0,0.0,322.2,20.869565217391305,2.3,5.5,1.3,72.0,,63750.0,1.78,34.5,,,,721000.0,629625.3618771903,6220.0,101.22594242398556,3,0,0,2,0.5406408174555976,0.8412535328311812,43.91851726344867,0.0,43.91851726344867,63.95988133340352,0.0,63.95988133340352,8.121279901710782,0.0,8.121279901710782,32.24882132062703,8.314511861634832,54.30179660607337,5.43356769761037,5.194778163947415,2.194480635252664,10.272564630613822,8.994520547945207,1.811,False,True,False,False,False,False,False,False,False,False,False,False,False,False,False,False,False,False,False,False,False,3222.9938264013444,1869.6956328105864,-7.96964826491603,,,,,1.2,0.3,87.08,10.8,ENSOMD_2012,46.5,,24.0,78.6,77.2,77.58181818181818,45.7,12.1,58.7,66.2,0.8,52.1,1491.1,47.1,9.5,16.1,8.1,37.4,,19.4,-0.66,3.9,2137.0,1678.0,0.28,1.67,1.7,,0.2,0.1,380848.0,229684.0,16581.0,3114578.0,401316.0,77609.0,136.8814248515654,3610626,158.68205306982463,2121.6368917997006,0
2014,Amoron'i Mania,35.3,54.6,6.1,22.8027397260274,30.0,13.734246575342466,4.0,1652.2,53.7,92.27123287671232,36.0,12.073972602739726,1018.6383561643836,43.48595890410959,4.526027397260274,3810.3,10.43917808219178,304.0,0.0,1360.5,23.0,0.0,236.1,21.25,3.3,7.2,1.5,72.5,,49223.0,1.55,16.8,,,,721000.0,647504.7996343136,6220.0,104.10045010197967,4,45000,68,3,0.9096319953545184,0.4154150130018864,43.91851726344867,-8.618517263448673,41.045678175632446,63.95988133340352,-9.35988133340352,60.83992088893569,8.121279901710782,-2.0212799017107823,7.447519934473855,32.24882132062703,8.314511861634832,54.30179660607337,5.43356769761037,5.194778163947415,2.194480635252664,13.80144033774809,9.068493150684931,2.4690000000000003,False,True,False,False,False,False,False,False,False,False,False,False,False,False,False,False,False,False,False,False,False,3247.217788854804,1845.951058261545,0.7515981648809733,,,,,1.2,0.3,87.08,10.8,MICS_2018,45.7,,35.0,78.6,77.2,77.7090909090909,45.7,12.1,58.7,66.2,0.8,52.1,1500.9,48.0,9.9,16.7,8.4,37.4,,19.4,-0.56,10.5,2142.0,1681.0,0.28,1.67,1.7,,0.2,0.1,366172.0,217542.0,16832.0,2929743.0,376323.0,77852.0,125.20280318296454,3977863,169.99429584021428,2178.91649461231,0
2015,Amoron'i Mania,35.3,54.6,6.1,22.372602739726027,31.0,14.087671232876712,5.0,2820.7,412.6,92.69041095890412,33.0,15.547945205479452,1018.8164383561644,51.83664383561644,4.487671232876712,3616.6,9.908493150684931,284.0,0.0,2545.6,33.0,0.0,218.7,20.65217391304348,3.3,8.2,1.8,73.0,,47507.0,2.71,53.6,,,,721000.0,665823.6705774799,6220.0,107.04560620216718,3,0,0,1,0.9898214418809328,-0.142314838273285,35.3,0.0,38.17283908781622,54.6,0.0,57.71996044446784,6.1,0.0,6.773759967236927,32.24882132062703,8.314511861634832,54.30179660607337,5.43356769761037,5.194778163947415,2.194480635252664,7.93157823934698,8.284931506849315,1.3989999999999998,False,True,False,False,False,False,False,False,False,False,False,False,False,False,False,False,False,False,False,False,False,3155.481221746184,1718.2949329657465,-2.8250820571222857,,,,,1.2,0.3,87.08,10.8,MICS_2018,45.0,,52.0,78.6,77.2,77.83636363636364,45.7,12.1,58.7,66.2,0.8,52.1,1508.4,48.9,10.3,17.3,8.7,37.4,,19.3,-0.43,11.0,2147.0,1684.0,0.28,1.67,1.7,,0.2,0.1,329367.0,192137.0,17142.0,2676952.0,346550.0,77246.0,111.25226780008892,3722304,154.69637163510671,1971.071038912372,0
2016,Amoron'i Mania,35.3,54.6,6.1,22.081967213114755,31.0,13.8551912568306,5.0,1906.2,56.4,93.04371584699452,36.0,15.94535519125683,1019.6147540983608,50.94467213114754,4.39344262295082,3698.1,10.104098360655737,307.0,0.0,1642.4,28.0,0.0,236.4,19.597826086956523,4.2,6.9,2.0,74.0,,53093.0,2.72,57.1,,,,721000.0,683703.108334603,6220.0,109.92011388016124,3,10000,15,3,0.7557495743542583,-0.654860733945285,35.3,0.0,35.3,54.6,0.0,54.6,6.1,0.0,6.1,32.24882132062703,8.314511861634832,54.30179660607337,5.43356769761037,5.194778163947415,2.194480635252664,11.584286650464144,8.226775956284154,2.184,False,True,False,False,False,False,False,False,False,False,False,False,False,False,False,False,False,False,False,False,False,3184.2017671732337,1616.7507251586012,0.910179570365388,,,,,1.2,0.3,87.08,10.8,MICS_2018,44.2,,69.0,78.6,77.2,77.96363636363637,45.7,12.1,58.7,66.2,0.8,52.1,1528.6,49.8,10.7,17.9,9.1,37.5,,19.2,-0.29,11.2,2151.0,1687.0,0.28,1.67,1.7,,0.2,,316331.0,182758.0,17309.0,2629478.0,342723.0,76723.0,106.42153195622512,3815849,154.4369248549065,1947.4073647181729,0
2017,Amoron'i Mania,35.3,54.6,6.1,22.90684931506849,32.0,14.304109589041095,5.0,2025.4,68.6,93.21917808219176,37.0,13.841095890410958,1019.068493150685,49.99760273972603,4.553424657534246,3732.4,10.225753424657537,309.0,0.0,1735.5,37.0,0.0,205.5,21.418478260869566,4.1,8.4,2.5,75.0,,59602.0,3.19,58.7,3.08,,,721000.0,702269.1604449184,6220.0,112.90500971783254,3,83000,80,4,0.2817325568414296,-0.9594929736144974,35.3,0.0,35.3,54.6,0.0,54.6,6.1,0.0,6.1,32.24882132062703,8.314511861634832,54.30179660607337,5.43356769761037,5.194778163947415,2.194480635252664,11.309790320464346,8.602739726027396,2.611,False,True,False,False,False,False,False,False,False,False,False,False,False,False,False,False,False,False,False,False,False,3207.061056780647,1661.9746049336782,0.71789702031686,,,,,1.2,0.3,87.08,10.8,MICS_2018,43.4,,59.0,78.6,77.2,78.0909090909091,45.7,12.1,58.7,66.2,0.8,52.1,1548.2,50.7,11.1,18.5,9.4,37.5,,19.0,-0.3,10.1,2155.0,1690.0,0.28,1.67,1.7,,0.2,,281487.0,161716.0,17406.0,2522722.0,328799.0,76725.0,99.40158663107492,3600500,141.86874838574573,1796.1182409858354,0
2018,Amoron'i Mania,35.3,54.6,6.1,23.58356164383561,32.0,14.37808219178082,8.0,2153.3,120.3,92.44657534246576,33.0,12.172602739726027,1018.7835616438356,45.45205479452055,4.668493150684932,3769.1,10.326301369863014,309.0,0.0,1869.0,33.0,0.0,221.5,22.05434782608696,4.6,8.6,4.2,75.3,110000.0,60114.0,5.59,93.6,3.18,,,721000.0,721000.0,6220.0,115.91639871382635,2,0,0,2,-0.2817325568414294,-0.9594929736144976,35.3,0.0,35.3,54.6,0.0,54.6,6.1,0.0,6.1,32.24882132062703,8.314511861634832,54.30179660607337,5.43356769761037,5.194778163947415,2.194480635252664,10.952287950511128,9.205479452054794,1.499,False,True,False,False,False,False,False,False,False,False,False,False,False,False,False,False,False,False,False,False,False,3309.0533149764565,1665.830970966667,3.1802406125124527,,,,,1.2,0.3,87.08,10.8,MICS_2018,42.4,6.4,25.0,78.6,77.2,78.21818181818182,45.7,12.1,58.7,66.2,0.8,52.1,1557.3,51.6,11.5,19.2,9.7,37.7,50.6,18.9,-0.58,2.5,2159.0,1692.0,0.28,1.67,1.7,0.3,0.2,0.1,215000.0,122963.0,17485.0,2500000.0,319450.0,78260.0,95.9471906662573,4030000,154.66687135400676,1903.6974104247545,0
2019,Amoron'i Mania,22.6,49.1,2.6,23.83561643835617,34.0,15.005479452054796,5.0,2294.0,67.3,92.63561643835617,27.0,12.517808219178082,1018.627397260274,50.53630136986301,4.64931506849315,3674.7,10.067671232876712,319.0,0.0,1862.0,27.0,0.0,337.3,21.619565217391305,5.0,6.3,4.0,75.2,142000.0,65760.0,11.2,92.5,3.21,,,721000.0,740774.4933719336,6220.0,119.09557771252952,2,0,0,1,-0.7557495743542582,-0.6548607339452852,35.3,-12.699999999999996,31.066666666666663,54.6,-5.5,52.76666666666667,6.1,-3.5,4.933333333333333,32.24882132062703,8.314511861634832,54.30179660607337,5.43356769761037,5.194778163947415,2.194480635252664,10.390416930408094,8.83013698630137,1.081,False,True,False,False,False,False,False,False,False,False,False,False,False,False,False,False,False,False,False,False,False,3560.435825605637,1745.795143860416,7.596810528601883,,,,,1.2,0.3,87.08,10.8,EDSM_2021,41.4,,20.0,78.6,77.2,78.34545454545454,45.7,12.1,58.7,66.2,0.8,52.1,1585.5,52.5,11.9,19.9,10.1,37.8,,18.8,-0.32,3.0,2163.0,1695.0,0.28,1.67,1.7,,0.2,0.1,219220.0,126258.0,17363.0,2913862.0,369977.0,78758.0,108.84550003093987,3910629,146.0791104522089,1877.889552417082,0
2020,Amoron'i Mania,22.6,49.1,2.6,22.7103825136612,32.0,13.898907103825136,5.0,1906.0,119.4,94.00819672131148,27.0,13.978142076502731,1018.811475409836,62.85758196721312,4.387978142076503,3336.8,9.116939890710382,285.0,0.0,1586.8,21.0,0.0,226.4,20.869565217391305,5.5,7.2,4.5,77.4,,,0.98,102.5,3.2,,,721000.0,760521.5221697394,6220.0,122.27034118484556,3,0,0,2,-0.9898214418809328,-0.1423148382732852,22.6,0.0,26.83333333333333,49.1,0.0,50.93333333333334,2.6,0.0,3.766666666666667,32.24882132062703,8.314511861634832,54.30179660607337,5.43356769761037,5.194778163947415,2.194480635252664,11.915205935813852,8.811475409836065,1.763,False,True,False,False,False,False,False,False,False,False,False,False,False,False,False,False,False,False,False,False,False,3583.02095770052,1996.883604241949,0.6343361656024449,,,,,1.2,0.3,87.08,10.8,EDSM_2021,40.4,,22.0,78.6,77.2,78.47272727272727,45.7,12.1,58.7,66.2,0.8,52.1,1436.2,53.4,12.3,20.5,10.4,,,18.7,-0.53,4.2,2167.0,1697.0,0.28,1.67,1.6,,0.2,0.1,224883.0,127026.0,17704.0,2599679.0,328226.0,79204.0,94.58793328879533,4227927,153.830867974814,1889.7225511614288,0
2021,Amoron'i Mania,22.6,49.1,2.6,24.208219178082192,36.0,13.871232876712329,6.0,1512.4,50.2,92.9835616438356,25.0,14.189041095890412,1019.8575342465754,58.39828767123288,4.608219178082192,3418.3,9.365205479452056,272.0,4.0,1341.2,25.0,0.0,99.3,21.967391304347824,6.0,5.5,5.0,78.0,,,,,3.34,0.41,0.43,721000.0,780735.448727716,6220.0,125.52016860574211,2,3000,5,2,-0.9096319953545186,0.415415013001886,22.6,0.0,22.6,49.1,0.0,49.1,2.6,0.0,2.6,32.24882132062703,8.314511861634832,54.30179660607337,5.43356769761037,5.194778163947415,2.194480635252664,16.006492447819486,10.336986301369864,1.475,False,True,False,False,False,False,False,False,False,False,False,False,False,False,False,False,False,False,False,False,False,,,,,,,,1.2,0.3,87.08,10.8,EDSM_2021,39.4,7.2,15.0,78.6,77.2,78.6,45.7,12.1,58.7,66.2,0.8,52.1,1463.6,,,,,,54.4,,-0.64,,2184.0,1709.0,0.28,1.67,1.6,0.3,,,232026.0,126200.0,18386.0,2439642.0,306295.0,79650.0,86.46686673995505,4391386,155.6414375821142,1871.484981702268,0
2022,Amoron'i Mania,22.6,49.1,2.6,23.4,33.0,13.482191780821918,7.0,2327.4,321.2,92.97534246575344,44.0,14.484931506849316,1020.1424657534246,61.34315068493151,4.454794520547945,3334.3,9.135068493150683,272.0,0.0,2071.9,44.0,0.0,162.1,21.92391304347826,3.8,10.6,5.5,77.5,,,,,3.65,,,721000.0,801333.8793234801,6220.0,128.8318133960579,4,0,0,4,-0.5406408174555974,0.8412535328311812,22.6,0.0,22.6,49.1,0.0,49.1,2.6,0.0,2.6,32.24882132062703,8.314511861634832,54.30179660607337,5.43356769761037,5.194778163947415,2.194480635252664,10.05413766434648,9.91780821917808,2.932,False,True,False,False,False,False,False,False,False,False,False,False,False,False,False,False,False,False,False,False,False,,,,,,,,1.2,0.3,87.08,10.8,EDSM_2021,38.6,7.2,,78.6,77.2,78.72727272727272,45.7,12.1,58.7,66.2,0.8,52.1,,,,,,,,,,,2187.0,1711.0,0.3,1.67,1.6,,,,,,,,,,,4200000,145.03182270084608,1390.716108090305,0
2012,Analamanga,33.53904661593285,51.14571107256441,6.9,21.83606557377049,28.0,13.581967213114757,7.0,4065.6,145.7,93.59836065573772,57.0,16.89344262295082,1018.2540983606556,45.23668032786885,4.538251366120218,7783.5,10.633196721311476,552.0,0.0,3598.8,57.0,2.0,180.6,20.342391304347824,3.1,6.1,5.4,71.5,,66900.0,1.54,20.2,,,,3748000.0,3182916.0444918484,16900.0,188.3382274847248,2,0,0,1,0.0,1.0,,,33.53904661593285,,,51.14571107256441,,,6.9,26.72528120289688,3.408490673280272,48.86285655864808,1.1296574903609824,5.381818181818182,0.7520880025877049,5.370933090754253,8.254098360655735,1.171,False,False,True,False,False,False,False,False,False,False,False,False,False,False,False,False,False,False,False,False,False,3502.0987811488167,2090.852667066967,,3340.8,71.8,4.2,1.1674899193548387,5.4,2.8,67.26,11.0,ENSOMD_2012,47.3,7.5,21.0,34.9,28.5,29.663636363636364,78.5,28.3,82.3,82.5,1.8,72.5,1497.0,46.2,9.1,15.5,7.7,37.5,41.9,19.5,-0.54,4.6,2133.0,1675.0,0.28,1.69,1.7,0.3,0.2,0.1,447948.0,269997.0,16591.0,3621309.0,475658.0,76133.0,163.65611496037585,4550649,205.65534062084168,2689.4341811220474,0
2013,Analamanga,33.53904661593285,51.14571107256441,6.9,22.068493150684933,29.0,13.597260273972603,5.0,3698.2,118.1,92.86575342465754,36.0,16.350684931506848,1018.7835616438356,43.46541095890411,4.468493150684932,7843.9,10.745068493150685,548.0,0.0,3510.0,35.0,0.0,155.0,20.32608695652174,2.3,5.5,1.3,72.0,,63750.0,1.78,34.5,,,,3748000.0,3273003.9616029253,16900.0,193.6688734676287,3,0,0,2,0.5406408174555976,0.8412535328311812,33.53904661593285,0.0,33.53904661593285,51.14571107256441,0.0,51.14571107256441,6.9,0.0,6.9,26.72528120289688,3.408490673280272,48.86285655864808,1.1296574903609824,5.381818181818182,0.7520880025877049,5.967360648608764,8.47123287671233,1.805,False,False,True,False,False,False,False,False,False,False,False,False,False,False,False,False,False,False,False,False,False,3222.9938264013444,1869.6956328105864,-7.96964826491603,3562.1,89.5,3.97,1.409529784650019,5.4,2.8,67.26,11.0,ENSOMD_2012,46.5,,24.0,34.9,28.5,30.245454545454542,78.5,28.3,82.3,82.5,1.8,72.5,1491.1,47.1,9.5,16.1,8.1,37.4,,19.4,-0.66,3.9,2137.0,1678.0,0.28,1.67,1.7,,0.2,0.1,380848.0,229684.0,16581.0,3114578.0,401316.0,77609.0,136.8814248515654,3610626,158.68205306982463,2121.6368917997006,0
2014,Analamanga,25.7,48.4,5.0,22.312328767123287,28.0,13.695890410958905,6.0,2317.8,91.5,92.52054794520548,41.0,16.873972602739727,1018.8684931506848,43.0958904109589,4.523287671232877,7864.299999999999,10.773013698630136,514.0,0.0,2112.2,34.0,0.0,177.4,20.75543478260869,3.3,7.2,1.5,72.5,,49223.0,1.55,16.8,,,,3748000.0,3365947.2802072223,16900.0,199.16847811877057,4,45000,68,3,0.9096319953545184,0.4154150130018864,33.53904661593285,-7.839046615932848,30.926031077288567,51.14571107256441,-2.7457110725644114,50.23047404837627,6.9,-1.9000000000000004,6.266666666666667,26.72528120289688,3.408490673280272,48.86285655864808,1.1296574903609824,5.381818181818182,0.7520880025877049,9.626511677937392,8.616438356164382,2.502,False,False,True,False,False,False,False,False,False,False,False,False,False,False,False,False,False,False,False,False,False,3247.217788854804,1845.951058261545,0.7515981648809733,3066.6000000000004,70.1,4.4,1.5123997864877887,5.4,2.8,67.26,11.0,MICS_2018,45.7,,35.0,34.9,28.5,30.827272727272728,78.5,28.3,82.3,82.5,1.8,72.5,1500.9,48.0,9.9,16.7,8.4,37.4,,19.4,-0.56,10.5,2142.0,1681.0,0.28,1.67,1.7,,0.2,0.1,366172.0,217542.0,16832.0,2929743.0,376323.0,77852.0,125.20280318296454,3977863,169.99429584021428,2178.91649461231,0
2015,Analamanga,25.7,48.4,5.0,22.649315068493152,29.0,13.986301369863014,6.0,4112.8,81.8,90.43561643835616,51.0,17.942465753424656,1018.9561643835616,37.21404109589041,4.816438356164384,7743.4,10.607397260273972,372.0,0.0,3877.8,51.0,2.0,205.8,21.190217391304348,3.3,8.2,1.8,73.0,,47507.0,2.71,53.6,,,,3748000.0,3461174.920006095,16900.0,204.80324970450263,3,0,0,1,0.9898214418809328,-0.142314838273285,25.7,0.0,28.313015538644283,48.4,0.0,49.31523702418813,5.0,0.0,5.633333333333333,26.72528120289688,3.408490673280272,48.86285655864808,1.1296574903609824,5.381818181818182,0.7520880025877049,5.507030506830663,8.663013698630138,1.4529999999999998,False,False,True,False,False,False,False,False,False,False,False,False,False,False,False,False,False,False,False,False,False,3155.481221746184,1718.2949329657465,-2.8250820571222857,3558.3900000000003,96.5,4.73,1.4039601173020528,5.4,2.8,67.26,11.0,MICS_2018,45.0,,52.0,34.9,28.5,31.409090909090907,78.5,28.3,82.3,82.5,1.8,72.5,1508.4,48.9,10.3,17.3,8.7,37.4,,19.3,-0.43,11.0,2147.0,1684.0,0.28,1.67,1.7,,0.2,0.1,329367.0,192137.0,17142.0,2676952.0,346550.0,77246.0,111.25226780008892,3722304,154.69637163510671,1971.071038912372,0
2016,Analamanga,25.7,48.4,5.0,22.363387978142075,29.0,13.442622950819672,6.0,3283.0,138.7,90.84426229508196,41.0,17.549180327868854,1019.7049180327868,35.45628415300546,4.69672131147541,7898.8,10.790710382513662,380.0,0.0,3098.6,28.0,0.0,168.6,20.157608695652176,4.2,6.9,2.0,74.0,,53093.0,2.72,57.1,,,,3748000.0,3554118.2386103915,16900.0,210.30285435564448,3,10000,15,3,0.7557495743542583,-0.654860733945285,25.7,0.0,25.7,48.4,0.0,48.4,5.0,0.0,5.0,26.72528120289688,3.408490673280272,48.86285655864808,1.1296574903609824,5.381818181818182,0.7520880025877049,6.811875716765786,8.920765027322403,2.184,False,False,True,False,False,False,False,False,False,False,False,False,False,False,False,False,False,False,False,False,False,3184.2017671732337,1616.7507251586012,0.910179570365388,1771.9,65.2,4.95,1.241951612903226,5.4,2.8,67.26,11.0,MICS_2018,44.2,,69.0,34.9,28.5,31.99090909090909,78.5,28.3,82.3,82.5,1.8,72.5,1528.6,49.8,10.7,17.9,9.1,37.5,,19.2,-0.29,11.2,2151.0,1687.0,0.28,1.67,1.7,,0.2,,316331.0,182758.0,17309.0,2629478.0,342723.0,76723.0,106.42153195622512,3815849,154.4369248549065,1947.4073647181729,0
2017,Analamanga,25.7,48.4,5.0,23.23835616438356,31.0,13.934246575342463,7.0,2823.0,68.6,90.4,55.0,15.813698630136988,1019.1561643835616,32.71027397260274,4.882191780821918,7965.599999999999,10.911780821917809,434.0,0.0,2466.8,55.0,2.0,306.4,21.88043478260869,4.1,8.4,2.5,75.0,,59602.0,3.19,58.7,3.08,,,3748000.0,3650630.809081213,16900.0,216.0136573420836,3,83000,80,4,0.2817325568414296,-0.9594929736144974,25.7,0.0,25.7,48.4,0.0,48.4,5.0,0.0,5.0,26.72528120289688,3.408490673280272,48.86285655864808,1.1296574903609824,5.381818181818182,0.7520880025877049,8.231794603040582,9.304109589041095,2.665,False,False,True,False,False,False,False,False,False,False,False,False,False,False,False,False,False,False,False,False,False,3207.061056780647,1661.9746049336782,0.71789702031686,,,178.26260000000005,17.087009662698417,5.4,2.8,67.26,11.0,MICS_2018,43.4,,59.0,34.9,28.5,32.57272727272727,78.5,28.3,82.3,82.5,1.8,72.5,1548.2,50.7,11.1,18.5,9.4,37.5,,19.0,-0.3,10.1,2155.0,1690.0,0.28,1.67,1.7,,0.2,,281487.0,161716.0,17406.0,2522722.0,328799.0,76725.0,99.40158663107492,3600500,141.86874838574573,1796.1182409858354,0
2018,Analamanga,25.7,48.4,5.0,23.83561643835617,30.0,14.186301369863012,8.0,2793.4,46.2,88.81095890410958,33.0,15.145205479452056,1018.8602739726028,29.441438356164383,5.098630136986301,7996.4,10.953972602739723,402.0,0.0,2606.6,33.0,0.0,134.2,22.32608695652174,4.6,8.6,4.2,75.3,218000.00000000003,60114.0,5.59,93.6,3.18,,,3748000.0,3748000.0,16900.0,221.77514792899407,2,0,0,2,-0.2817325568414294,-0.9594929736144976,25.7,0.0,25.7,48.4,0.0,48.4,5.0,0.0,5.0,26.72528120289688,3.408490673280272,48.86285655864808,1.1296574903609824,5.381818181818182,0.7520880025877049,8.532833263534103,9.649315068493152,1.499,False,False,True,False,False,False,False,False,False,False,False,False,False,False,False,False,False,False,False,False,False,3309.0533149764565,1665.830970966667,3.1802406125124527,5327.049999999999,435.19999999999993,5.45,1.841470787277239,5.4,2.8,67.26,11.0,MICS_2018,42.4,6.4,25.0,34.9,28.5,33.154545454545456,78.5,28.3,82.3,82.5,1.8,72.5,1557.3,51.6,11.5,19.2,9.7,37.7,50.6,18.9,-0.58,2.5,2159.0,1692.0,0.28,1.67,1.7,0.3,0.2,0.1,215000.0,122963.0,17485.0,2500000.0,319450.0,78260.0,95.9471906662573,4030000,154.66687135400676,1903.6974104247545,0
2019,Analamanga,24.6,48.3,5.1,24.66301369863013,34.0,14.865753424657534,5.0,3850.0,57.5,88.76438356164384,28.0,13.742465753424655,1018.8,33.041438356164385,5.082191780821918,7909.0,10.834246575342464,472.0,0.0,3301.8,23.0,0.0,352.4,23.157608695652176,5.0,6.3,4.0,75.2,262000.0,65760.0,11.2,92.5,3.21,,,3748000.0,3850794.453755905,16900.0,227.8576599855565,2,0,0,1,-0.7557495743542582,-0.6548607339452852,25.7,-1.099999999999998,25.33333333333333,48.4,-0.1000000000000014,48.36666666666667,5.0,0.0999999999999996,5.033333333333333,26.72528120289688,3.408490673280272,48.86285655864808,1.1296574903609824,5.381818181818182,0.7520880025877049,6.405977584059776,9.797260273972604,1.069,False,False,True,False,False,False,False,False,False,False,False,False,False,False,False,False,False,False,False,False,False,3560.435825605637,1745.795143860416,7.596810528601883,4372.45,114.2,3.4,1.453,5.4,2.8,67.26,11.0,EDSM_2021,41.4,,20.0,34.9,28.5,33.736363636363635,78.5,28.3,82.3,82.5,1.8,72.5,1585.5,52.5,11.9,19.9,10.1,37.8,,18.8,-0.32,3.0,2163.0,1695.0,0.28,1.67,1.7,,0.2,0.1,219220.0,126258.0,17363.0,2913862.0,369977.0,78758.0,108.84550003093987,3910629,146.0791104522089,1877.889552417082,0
2020,Analamanga,24.6,48.3,5.1,24.00546448087432,35.0,13.797814207650273,5.0,4303.4,149.9,90.6256830601093,29.0,14.245901639344265,1018.74043715847,45.927254098360656,4.8469945355191255,7345.5,10.03483606557377,400.0,0.0,4043.4,23.0,0.0,163.2,22.47826086956522,5.5,7.2,4.5,77.4,,,0.98,102.5,3.2,,,3748000.0,3953446.137437148,16900.0,233.931724108707,3,0,0,2,-0.9898214418809328,-0.1423148382732852,24.6,0.0,24.96666666666667,48.3,0.0,48.333333333333336,5.1,0.0,5.066666666666666,26.72528120289688,3.408490673280272,48.86285655864808,1.1296574903609824,5.381818181818182,0.7520880025877049,5.578255444735399,10.207650273224044,1.769,False,False,True,False,False,False,False,False,False,False,False,False,False,False,False,False,False,False,False,False,False,3583.02095770052,1996.883604241949,0.6343361656024449,4317.9,110.0,3.34,1.36377808676307,5.4,2.8,67.26,11.0,EDSM_2021,40.4,,22.0,34.9,28.5,34.31818181818182,78.5,28.3,82.3,82.5,1.8,72.5,1436.2,53.4,12.3,20.5,10.4,,,18.7,-0.53,4.2,2167.0,1697.0,0.28,1.67,1.6,,0.2,0.1,224883.0,127026.0,17704.0,2599679.0,328226.0,79204.0,94.58793328879533,4227927,153.830867974814,1889.7225511614288,0
2021,Analamanga,24.6,48.3,5.1,25.15068493150685,36.0,13.747945205479452,6.0,3169.2,68.5,89.65205479452055,25.0,14.063013698630137,1019.6739726027396,44.69315068493151,4.920547945205479,7374.8,10.102465753424658,430.0,8.0,2936.6,23.0,0.0,89.0,23.342391304347824,6.0,5.5,5.0,78.0,,,,,3.34,0.41,0.43,3748000.0,4058524.912387628,16900.0,240.14940309985963,2,3000,5,2,-0.9096319953545186,0.415415013001886,24.6,0.0,24.6,48.3,0.0,48.3,5.1,0.0,5.1,26.72528120289688,3.408490673280272,48.86285655864808,1.1296574903609824,5.381818181818182,0.7520880025877049,7.935972779094676,11.402739726027397,1.469,False,False,True,False,False,False,False,False,False,False,False,False,False,False,False,False,False,False,False,False,False,,,,1326.6,80.0,8.82083,1.813233275985663,5.4,2.8,67.26,11.0,EDSM_2021,39.4,7.2,15.0,34.9,28.5,34.9,78.5,28.3,82.3,82.5,1.8,72.5,1463.6,,,,,,54.4,,-0.64,,2184.0,1709.0,0.28,1.67,1.6,0.3,,,232026.0,126200.0,18386.0,2439642.0,306295.0,79650.0,86.46686673995505,4391386,155.6414375821142,1871.484981702268,0
2022,Analamanga,24.6,48.3,5.1,24.542465753424658,33.0,13.126027397260271,5.0,3969.2,106.7,89.64657534246575,49.0,15.189041095890412,1019.6986301369864,46.147602739726025,4.778082191780822,7312.5,10.017123287671232,384.0,0.0,3782.0,49.0,0.0,123.8,23.532608695652176,3.8,10.6,5.5,77.5,,,,,3.65,,,3748000.0,4165602.468383361,16900.0,246.4853531587788,4,0,0,4,-0.5406408174555974,0.8412535328311812,24.6,0.0,24.6,48.3,0.0,48.3,5.1,0.0,5.1,26.72528120289688,3.408490673280272,48.86285655864808,1.1296574903609824,5.381818181818182,0.7520880025877049,6.183227288477441,11.416438356164385,2.947,False,False,True,False,False,False,False,False,False,False,False,False,False,False,False,False,False,False,False,False,False,,,,5641.0,186.0,4.83,1.951008064516129,5.4,2.8,67.26,11.0,EDSM_2021,38.6,7.2,,34.9,28.5,35.481818181818184,78.5,28.3,82.3,82.5,1.8,72.5,,,,,,,,,,,2187.0,1711.0,0.3,1.67,1.6,,,,,,,,,,,4200000,145.03182270084608,1390.716108090305,0
2012,Analanjirofo,34.25150137750983,47.14961515473618,5.021186955412656,26.091803278688523,34.0,20.21639344262295,4.0,12990.3,173.0,88.22295081967214,63.0,16.79398907103825,1016.5338797814208,40.318647540983605,5.603825136612022,19346.4,10.571803278688524,1680.0,0.0,8040.6,63.0,3.0,3448.9,24.37608695652174,3.1,6.1,5.4,71.5,,66900.0,1.54,20.2,,,,1222000.0,1037759.7135456346,17100.0,60.68770254652834,2,0,0,1,0.0,1.0,,,34.25150137750983,,,47.14961515473618,,,5.021186955412656,24.10936388681997,5.4264628988783095,35.87265730086113,6.071733347275566,8.203852173711391,2.566116550611293,2.0085604858000603,5.875409836065572,1.189,False,False,False,True,False,False,False,False,False,False,False,False,False,False,False,False,False,False,False,False,False,3502.0987811488167,2090.852667066967,,,,,,2.9,0.4,78.03,7.7,ENSOMD_2012,47.3,7.5,21.0,66.1,65.3,65.44545454545454,40.6,16.2,48.2,63.5,0.7,52.6,1497.0,46.2,9.1,15.5,7.7,37.5,41.9,19.5,-0.54,4.6,2133.0,1675.0,0.28,1.69,1.7,0.3,0.2,0.1,447948.0,269997.0,16591.0,3621309.0,475658.0,76133.0,163.65611496037585,4550649,205.65534062084168,2689.4341811220474,0
2013,Analanjirofo,34.25150137750983,47.14961515473618,5.021186955412656,26.223561643835616,35.0,20.15890410958904,3.0,9849.1,144.5,87.54520547945205,62.0,17.404931506849316,1017.081095890411,37.95924657534247,5.630684931506849,19398.5,10.62931506849315,1651.0,0.0,6601.1,62.0,1.0,2803.4,24.207608695652173,2.3,5.5,1.3,72.0,,63750.0,1.78,34.5,,,,1222000.0,1067132.0280359592,17100.0,62.40538175648884,3,0,0,2,0.5406408174555976,0.8412535328311812,34.25150137750983,0.0,34.25150137750983,47.14961515473618,0.0,47.14961515473618,5.021186955412656,0.0,5.021186955412656,24.10936388681997,5.4264628988783095,35.87265730086113,6.071733347275566,8.203852173711391,2.566116550611293,2.6625337994167606,6.064657534246575,1.886,False,False,False,True,False,False,False,False,False,False,False,False,False,False,False,False,False,False,False,False,False,3222.9938264013444,1869.6956328105864,-7.96964826491603,,,,,2.9,0.4,78.03,7.7,ENSOMD_2012,46.5,,24.0,66.1,65.3,65.51818181818182,40.6,16.2,48.2,63.5,0.7,52.6,1491.1,47.1,9.5,16.1,8.1,37.4,,19.4,-0.66,3.9,2137.0,1678.0,0.28,1.67,1.7,,0.2,0.1,380848.0,229684.0,16581.0,3114578.0,401316.0,77609.0,136.8814248515654,3610626,158.68205306982463,2121.6368917997006,0
2014,Analanjirofo,19.9,31.1,7.0,26.293698630136987,33.0,20.383013698630137,3.0,9526.3,106.4,87.92712328767124,42.0,16.892054794520547,1017.202191780822,39.19876712328767,5.6536986301369865,19419.4,10.64076712328767,1615.0,0.0,5375.9,35.0,0.0,3612.0,24.63804347826087,3.3,7.2,1.5,72.5,,49223.0,1.55,16.8,,,,1222000.0,1097435.3192137743,17100.0,64.17750404758914,4,45000,68,3,0.9096319953545184,0.4154150130018864,34.25150137750983,-14.351501377509834,29.467667585006552,47.14961515473618,-16.04961515473618,41.79974343649079,5.021186955412656,1.978813044587344,5.680791303608437,24.10936388681997,5.4264628988783095,35.87265730086113,6.071733347275566,8.203852173711391,2.566116550611293,2.7601165856772294,5.91068493150685,2.5050000000000003,False,False,False,True,False,False,False,False,False,False,False,False,False,False,False,False,False,False,False,False,False,3247.217788854804,1845.951058261545,0.7515981648809733,,,,,2.9,0.4,78.03,7.7,MICS_2018,45.7,,35.0,66.1,65.3,65.5909090909091,40.6,16.2,48.2,63.5,0.7,52.6,1500.9,48.0,9.9,16.7,8.4,37.4,,19.4,-0.56,10.5,2142.0,1681.0,0.28,1.67,1.7,,0.2,0.1,366172.0,217542.0,16832.0,2929743.0,376323.0,77852.0,125.20280318296454,3977863,169.99429584021428,2178.91649461231,0
2015,Analanjirofo,19.9,31.1,7.0,26.294246575342463,34.0,20.350684931506848,4.0,12027.0,130.9,86.67945205479452,54.0,16.271780821917808,1017.36,43.72972602739726,5.556712328767123,18865.2,10.33709589041096,1665.0,0.0,8417.3,54.0,1.0,3080.0,24.75869565217392,3.3,8.2,1.8,73.0,,47507.0,2.71,53.6,,,,1222000.0,1128483.3917415815,17100.0,65.99318080360126,3,0,0,1,0.9898214418809328,-0.142314838273285,19.9,0.0,24.683833792503275,31.1,0.0,36.4498717182454,7.0,0.0,6.340395651804219,24.10936388681997,5.4264628988783095,35.87265730086113,6.071733347275566,8.203852173711391,2.566116550611293,2.1862681113613096,5.9435616438356185,1.4619999999999995,False,False,False,True,False,False,False,False,False,False,False,False,False,False,False,False,False,False,False,False,False,3155.481221746184,1718.2949329657465,-2.8250820571222857,,,,,2.9,0.4,78.03,7.7,MICS_2018,45.0,,52.0,66.1,65.3,65.66363636363636,40.6,16.2,48.2,63.5,0.7,52.6,1508.4,48.9,10.3,17.3,8.7,37.4,,19.3,-0.43,11.0,2147.0,1684.0,0.28,1.67,1.7,,0.2,0.1,329367.0,192137.0,17142.0,2676952.0,346550.0,77246.0,111.25226780008892,3722304,154.69637163510671,1971.071038912372,0
2016,Analanjirofo,19.9,31.1,7.0,25.95027322404372,33.0,20.014207650273224,4.0,10896.0,111.9,86.77595628415301,37.0,16.53497267759563,1018.0530054644807,42.96284153005465,5.478688524590164,18987.6,10.375737704918032,1674.0,0.0,7084.0,33.0,0.0,3004.5,23.904347826086955,4.2,6.9,2.0,74.0,,53093.0,2.72,57.1,,,,1222000.0,1158786.6829193966,17100.0,67.76530309470155,3,10000,15,3,0.7557495743542583,-0.654860733945285,19.9,0.0,19.9,31.1,0.0,31.1,7.0,0.0,7.0,24.10936388681997,5.4264628988783095,35.87265730086113,6.071733347275566,8.203852173711391,2.566116550611293,2.3816330051435126,5.936065573770492,2.1990000000000003,False,False,False,True,False,False,False,False,False,False,False,False,False,False,False,False,False,False,False,False,False,3184.2017671732337,1616.7507251586012,0.910179570365388,,,,,2.9,0.4,78.03,7.7,MICS_2018,44.2,,69.0,66.1,65.3,65.73636363636363,40.6,16.2,48.2,63.5,0.7,52.6,1528.6,49.8,10.7,17.9,9.1,37.5,,19.2,-0.29,11.2,2151.0,1687.0,0.28,1.67,1.7,,0.2,,316331.0,182758.0,17309.0,2629478.0,342723.0,76723.0,106.42153195622512,3815849,154.4369248549065,1947.4073647181729,0
2017,Analanjirofo,19.9,31.1,7.0,26.64383561643836,33.0,20.31945205479452,4.0,13484.7,381.6,86.9413698630137,66.0,16.264657534246574,1017.4054794520548,36.67472602739726,5.561643835616438,19712.4,10.80131506849315,1688.0,0.0,8973.0,66.0,4.0,3592.0,25.214130434782607,4.1,8.4,2.5,75.0,,59602.0,3.19,58.7,3.08,,,1222000.0,1190253.6949565748,17100.0,69.6054792372266,3,83000,80,4,0.2817325568414296,-0.9594929736144974,19.9,0.0,19.9,31.1,0.0,31.1,7.0,0.0,7.0,24.10936388681997,5.4264628988783095,35.87265730086113,6.071733347275566,8.203852173711391,2.566116550611293,1.975856757394555,6.324383561643835,2.698,False,False,False,True,False,False,False,False,False,False,False,False,False,False,False,False,False,False,False,False,False,3207.061056780647,1661.9746049336782,0.71789702031686,,,,,2.9,0.4,78.03,7.7,MICS_2018,43.4,,59.0,66.1,65.3,65.80909090909091,40.6,16.2,48.2,63.5,0.7,52.6,1548.2,50.7,11.1,18.5,9.4,37.5,,19.0,-0.3,10.1,2155.0,1690.0,0.28,1.67,1.7,,0.2,,281487.0,161716.0,17406.0,2522722.0,328799.0,76725.0,99.40158663107492,3600500,141.86874838574573,1796.1182409858354,0
2018,Analanjirofo,19.9,31.1,7.0,26.406027397260274,33.0,20.24328767123288,6.0,14384.5,344.7,87.27780821917808,81.0,16.036712328767123,1017.174794520548,36.30801369863013,5.576438356164384,19495.0,10.68219178082192,1692.0,0.0,9271.4,81.0,4.0,3779.3,24.793478260869566,4.6,8.6,4.2,75.3,160000.0,60114.0,5.59,93.6,3.18,,,1222000.0,1222000.0,17100.0,71.46198830409357,2,0,0,2,-0.2817325568414294,-0.9594929736144976,19.9,0.0,19.9,31.1,0.0,31.1,7.0,0.0,7.0,24.10936388681997,5.4264628988783095,35.87265730086113,6.071733347275566,8.203852173711391,2.566116550611293,1.83572785965868,6.162739726027397,1.6429999999999998,False,False,False,True,False,False,False,False,False,False,False,False,False,False,False,False,False,False,False,False,False,3309.0533149764565,1665.830970966667,3.1802406125124527,,,,,2.9,0.4,78.03,7.7,MICS_2018,42.4,6.4,25.0,66.1,65.3,65.88181818181818,40.6,16.2,48.2,63.5,0.7,52.6,1557.3,51.6,11.5,19.2,9.7,37.7,50.6,18.9,-0.58,2.5,2159.0,1692.0,0.28,1.67,1.7,0.3,0.2,0.1,215000.0,122963.0,17485.0,2500000.0,319450.0,78260.0,95.9471906662573,4030000,154.66687135400676,1903.6974104247545,0
2019,Analanjirofo,24.3,36.2,11.3,26.96821917808219,33.0,20.793972602739725,2.0,13774.6,91.7,87.51890410958904,37.0,17.69095890410959,1017.1046575342466,38.04664383561644,5.60054794520548,19412.4,10.636931506849312,1672.0,0.0,8662.9,33.0,0.0,3779.1,25.221739130434784,5.0,6.3,4.0,75.2,160000.0,65760.0,11.2,92.5,3.21,,,1222000.0,1255515.160749657,17100.0,73.42193922512614,2,0,0,1,-0.7557495743542582,-0.6548607339452852,19.9,4.400000000000002,21.366666666666664,31.1,5.100000000000001,32.800000000000004,7.0,4.300000000000001,8.433333333333334,24.10936388681997,5.4264628988783095,35.87265730086113,6.071733347275566,8.203852173711391,2.566116550611293,1.957822309038534,6.174246575342465,1.099,False,False,False,True,False,False,False,False,False,False,False,False,False,False,False,False,False,False,False,False,False,3560.435825605637,1745.795143860416,7.596810528601883,,,,,2.9,0.4,78.03,7.7,EDSM_2021,41.4,,20.0,66.1,65.3,65.95454545454545,40.6,16.2,48.2,63.5,0.7,52.6,1585.5,52.5,11.9,19.9,10.1,37.8,,18.8,-0.32,3.0,2163.0,1695.0,0.28,1.67,1.7,,0.2,0.1,219220.0,126258.0,17363.0,2913862.0,369977.0,78758.0,108.84550003093987,3910629,146.0791104522089,1877.889552417082,0
2020,Analanjirofo,24.3,36.2,11.3,25.84207650273224,33.0,20.32021857923497,3.0,11934.8,234.5,86.52021857923498,40.0,19.058469945355192,1017.044262295082,55.53346994535519,5.483606557377049,16499.1,9.015901639344262,1594.0,0.0,6811.5,32.0,0.0,4024.9,24.27173913043478,5.5,7.2,4.5,77.4,,,0.98,102.5,3.2,,,1222000.0,1288983.7726649398,17100.0,75.37916799210174,3,0,0,2,-0.9898214418809328,-0.1423148382732852,24.3,0.0,22.83333333333333,36.2,0.0,34.50000000000001,11.3,0.0,9.866666666666667,24.10936388681997,5.4264628988783095,35.87265730086113,6.071733347275566,8.203852173711391,2.566116550611293,2.16527101440596,5.521857923497269,1.796,False,False,False,True,False,False,False,False,False,False,False,False,False,False,False,False,False,False,False,False,False,3583.02095770052,1996.883604241949,0.6343361656024449,,,,,2.9,0.4,78.03,7.7,EDSM_2021,40.4,,22.0,66.1,65.3,66.02727272727273,40.6,16.2,48.2,63.5,0.7,52.6,1436.2,53.4,12.3,20.5,10.4,,,18.7,-0.53,4.2,2167.0,1697.0,0.28,1.67,1.6,,0.2,0.1,224883.0,127026.0,17704.0,2599679.0,328226.0,79204.0,94.58793328879533,4227927,153.830867974814,1889.7225511614288,0
2021,Analanjirofo,24.3,36.2,11.3,26.633424657534245,34.0,20.20712328767124,4.0,10173.1,117.2,86.28109589041095,34.0,18.1786301369863,1017.6049315068492,53.5291095890411,5.550684931506849,16632.4,9.11364383561644,1614.0,0.0,5226.4,29.0,0.0,3526.5,24.79021739130435,6.0,5.5,5.0,78.0,,,,,3.34,0.41,0.43,1222000.0,1323243.7147645894,17100.0,77.38267337804616,2,3000,5,2,-0.9096319953545186,0.415415013001886,24.3,0.0,24.3,36.2,0.0,36.2,11.3,0.0,11.3,24.10936388681997,5.4264628988783095,35.87265730086113,6.071733347275566,8.203852173711391,2.566116550611293,2.6180244623108244,6.426301369863012,1.487,False,False,False,True,False,False,False,False,False,False,False,False,False,False,False,False,False,False,False,False,False,,,,,,,,2.9,0.4,78.03,7.7,EDSM_2021,39.4,7.2,15.0,66.1,65.3,66.1,40.6,16.2,48.2,63.5,0.7,52.6,1463.6,,,,,,54.4,,-0.64,,2184.0,1709.0,0.28,1.67,1.6,0.3,,,232026.0,126200.0,18386.0,2439642.0,306295.0,79650.0,86.46686673995505,4391386,155.6414375821142,1871.484981702268,0
2022,Analanjirofo,24.3,36.2,11.3,26.373698630136985,35.0,19.767123287671232,3.0,12388.7,219.6,86.31561643835616,52.0,18.51013698630137,1017.4745205479452,56.42691780821918,5.441095890410959,16301.6,8.932383561643835,1618.0,0.0,7227.7,52.0,1.0,4066.9,24.73695652173913,3.8,10.6,5.5,77.5,,,,,3.65,,,1222000.0,1358155.3405454822,17100.0,79.42428892078844,4,0,0,4,-0.5406408174555974,0.8412535328311812,24.3,0.0,24.3,36.2,0.0,36.2,11.3,0.0,11.3,24.10936388681997,5.4264628988783095,35.87265730086113,6.071733347275566,8.203852173711391,2.566116550611293,2.128851181329517,6.606575342465753,2.956,False,False,False,True,False,False,False,False,False,False,False,False,False,False,False,False,False,False,False,False,False,,,,,,,,2.9,0.4,78.03,7.7,EDSM_2021,38.6,7.2,,66.1,65.3,66.17272727272726,40.6,16.2,48.2,63.5,0.7,52.6,,,,,,,,,,,2187.0,1711.0,0.3,1.67,1.6,,,,,,,,,,,4200000,145.03182270084608,1390.716108090305,0
2012,Androy,21.618139649506585,37.4446430643732,6.997197369571483,27.756830601092897,34.0,21.281420765027324,16.0,724.5,61.5,81.8879781420765,60.0,25.86612021857924,1017.0792349726776,22.655054644808743,6.306010928961749,3894.9,10.641803278688524,192.0,0.0,423.3,60.0,5.0,138.9,26.217391304347824,3.1,6.1,5.4,71.5,,66900.0,1.54,20.2,,,,791000.0,671741.3530397684,19300.0,34.805251452837744,2,0,0,1,0.0,1.0,,,21.618139649506585,,,37.4446430643732,,,6.997197369571483,27.739661754455742,5.9228434644465855,40.91720782988603,3.512345738985065,9.935854067194814,4.173708010474223,38.31170545354437,6.475409836065573,1.18,False,False,False,False,True,False,False,False,False,False,False,False,False,False,False,False,False,False,False,False,False,3502.0987811488167,2090.852667066967,,,,,,3.4,1.9,89.55,4.0,ENSOMD_2012,47.3,7.5,21.0,89.6,88.1,88.37272727272727,22.1,4.2,21.3,35.2,0.3,25.3,1497.0,46.2,9.1,15.5,7.7,37.5,41.9,19.5,-0.54,4.6,2133.0,1675.0,0.28,1.69,1.7,0.3,0.2,0.1,447948.0,269997.0,16591.0,3621309.0,475658.0,76133.0,163.65611496037585,4550649,205.65534062084168,2689.4341811220474,0
2013,Androy,21.618139649506585,37.4446430643732,6.997197369571483,27.59178082191781,35.0,20.824657534246576,14.0,615.1,62.4,80.6109589041096,57.0,25.350684931506848,1017.945205479452,23.068493150684933,6.243835616438356,3865.4,10.59013698630137,178.0,0.0,431.5,45.0,0.0,158.5,25.657608695652176,2.3,5.5,1.3,72.0,,63750.0,1.78,34.5,,,,791000.0,690754.0377875972,19300.0,35.79036465220711,3,0,0,2,0.5406408174555976,0.8412535328311812,21.618139649506585,0.0,21.618139649506585,37.4446430643732,0.0,37.4446430643732,6.997197369571483,0.0,6.997197369571483,27.739661754455742,5.9228434644465855,40.91720782988603,3.512345738985065,9.935854067194814,4.173708010474223,44.85739037866657,6.767123287671232,1.835,False,False,False,False,True,False,False,False,False,False,False,False,False,False,False,False,False,False,False,False,False,3222.9938264013444,1869.6956328105864,-7.96964826491603,,,,,3.4,1.9,89.55,4.0,ENSOMD_2012,46.5,,24.0,89.6,88.1,88.5090909090909,22.1,4.2,21.3,35.2,0.3,25.3,1491.1,47.1,9.5,16.1,8.1,37.4,,19.4,-0.66,3.9,2137.0,1678.0,0.28,1.67,1.7,,0.2,0.1,380848.0,229684.0,16581.0,3114578.0,401316.0,77609.0,136.8814248515654,3610626,158.68205306982463,2121.6368917997006,0
2014,Androy,24.3,38.8,6.9,27.90410958904109,35.0,21.183561643835617,15.0,693.1,35.1,81.12328767123287,50.0,24.164383561643834,1017.827397260274,21.572945205479453,6.312328767123288,3882.0,10.635616438356164,183.0,0.0,434.9,40.0,0.0,165.70000000000002,26.03804347826087,3.3,7.2,1.5,72.5,,49223.0,1.55,16.8,,,,791000.0,710369.3432881305,19300.0,36.8067017247736,4,45000,68,3,0.9096319953545184,0.4154150130018864,21.618139649506585,2.681860350493416,22.51209309967106,37.4446430643732,1.3553569356268014,37.89642870958213,6.997197369571483,-0.0971973695714822,6.964798246380989,27.739661754455742,5.9228434644465855,40.91720782988603,3.512345738985065,9.935854067194814,4.173708010474223,40.25986089891949,6.720547945205478,2.5200000000000005,False,False,False,False,True,False,False,False,False,False,False,False,False,False,False,False,False,False,False,False,False,3247.217788854804,1845.951058261545,0.7515981648809733,,,,,3.4,1.9,89.55,4.0,MICS_2018,45.7,,35.0,89.6,88.1,88.64545454545454,22.1,4.2,21.3,35.2,0.3,25.3,1500.9,48.0,9.9,16.7,8.4,37.4,,19.4,-0.56,10.5,2142.0,1681.0,0.28,1.67,1.7,,0.2,0.1,366172.0,217542.0,16832.0,2929743.0,376323.0,77852.0,125.20280318296454,3977863,169.99429584021428,2178.91649461231,0
2015,Androy,24.3,38.8,6.9,28.35890410958904,35.0,21.18082191780822,15.0,471.7,45.5,79.96712328767123,46.0,23.46301369863014,1017.8301369863012,22.66301369863013,6.375342465753425,3856.2,10.564931506849314,168.0,0.0,325.2,46.0,0.0,128.2,26.72826086956522,3.3,8.2,1.8,73.0,,47507.0,2.71,53.6,,,,791000.0,730466.7453908274,19300.0,37.84801789589779,3,0,0,1,0.9898214418809328,-0.142314838273285,24.3,0.0,23.406046549835526,38.8,0.0,38.34821435479106,6.9,0.0,6.932399123190495,27.739661754455742,5.9228434644465855,40.91720782988603,3.512345738985065,9.935854067194814,4.173708010474223,60.12063622978385,7.17808219178082,1.4379999999999995,False,False,False,False,True,False,False,False,False,False,False,False,False,False,False,False,False,False,False,False,False,3155.481221746184,1718.2949329657465,-2.8250820571222857,,,,,3.4,1.9,89.55,4.0,MICS_2018,45.0,,52.0,89.6,88.1,88.78181818181818,22.1,4.2,21.3,35.2,0.3,25.3,1508.4,48.9,10.3,17.3,8.7,37.4,,19.3,-0.43,11.0,2147.0,1684.0,0.28,1.67,1.7,,0.2,0.1,329367.0,192137.0,17142.0,2676952.0,346550.0,77246.0,111.25226780008892,3722304,154.69637163510671,1971.071038912372,0
2016,Androy,24.3,38.8,6.9,28.103825136612024,34.0,20.956284153005463,15.0,349.7,65.9,81.15573770491804,46.0,23.93715846994536,1018.6502732240438,24.6875,6.297814207650274,3818.6,10.433333333333334,178.0,0.0,236.7,46.0,0.0,97.8,25.76630434782609,4.2,6.9,2.0,74.0,,53093.0,2.72,57.1,,,,791000.0,750082.0508913606,19300.0,38.86435496846428,3,10000,15,3,0.7557495743542583,-0.654860733945285,24.3,0.0,24.3,38.8,0.0,38.8,6.9,0.0,6.9,27.739661754455742,5.9228434644465855,40.91720782988603,3.512345738985065,9.935854067194814,4.173708010474223,80.3655279857364,7.147540983606557,2.238,False,False,False,False,True,False,False,False,False,False,False,False,False,False,False,False,False,False,False,False,False,3184.2017671732337,1616.7507251586012,0.910179570365388,,,,,3.4,1.9,89.55,4.0,MICS_2018,44.2,,69.0,89.6,88.1,88.91818181818181,22.1,4.2,21.3,35.2,0.3,25.3,1528.6,49.8,10.7,17.9,9.1,37.5,,19.2,-0.29,11.2,2151.0,1687.0,0.28,1.67,1.7,,0.2,,316331.0,182758.0,17309.0,2629478.0,342723.0,76723.0,106.42153195622512,3815849,154.4369248549065,1947.4073647181729,0
2017,Androy,24.3,38.8,6.9,28.34794520547945,36.0,21.29041095890411,15.0,649.5,147.2,80.6027397260274,44.0,22.6,1018.2630136986302,22.312328767123287,6.397260273972603,3865.5,10.59041095890411,167.0,1.0,558.3,44.0,0.0,71.7,26.63043478260869,4.1,8.4,2.5,75.0,,59602.0,3.19,58.7,3.08,,,791000.0,770450.6323327747,19300.0,39.91972188252719,3,83000,80,4,0.2817325568414296,-0.9594929736144974,24.3,0.0,24.3,38.8,0.0,38.8,6.9,0.0,6.9,27.739661754455742,5.9228434644465855,40.91720782988603,3.512345738985065,9.935854067194814,4.173708010474223,43.64579708310925,7.05753424657534,2.632,False,False,False,False,True,False,False,False,False,False,False,False,False,False,False,False,False,False,False,False,False,3207.061056780647,1661.9746049336782,0.71789702031686,,,,,3.4,1.9,89.55,4.0,MICS_2018,43.4,,59.0,89.6,88.1,89.05454545454545,22.1,4.2,21.3,35.2,0.3,25.3,1548.2,50.7,11.1,18.5,9.4,37.5,,19.0,-0.3,10.1,2155.0,1690.0,0.28,1.67,1.7,,0.2,,281487.0,161716.0,17406.0,2522722.0,328799.0,76725.0,99.40158663107492,3600500,141.86874838574573,1796.1182409858354,0
2018,Androy,24.3,38.8,6.9,28.542465753424658,37.0,21.09041095890411,16.0,404.4,47.4,79.95068493150686,41.0,21.832876712328765,1018.0246575342466,18.84109589041096,6.424657534246576,3890.4,10.658630136986302,157.0,6.0,287.5,41.0,0.0,104.2,26.98369565217392,4.6,8.6,4.2,75.3,0.0,60114.0,5.59,93.6,3.18,,,791000.0,791000.0,19300.0,40.984455958549226,2,0,0,2,-0.2817325568414294,-0.9594929736144976,24.3,0.0,24.3,38.8,0.0,38.8,6.9,0.0,6.9,27.739661754455742,5.9228434644465855,40.91720782988603,3.512345738985065,9.935854067194814,4.173708010474223,70.57978672953675,7.452054794520549,1.523,False,False,False,False,True,False,False,False,False,False,False,False,False,False,False,False,False,False,False,False,False,3309.0533149764565,1665.830970966667,3.1802406125124527,,,,,3.4,1.9,89.55,4.0,MICS_2018,42.4,6.4,25.0,89.6,88.1,89.19090909090909,22.1,4.2,21.3,35.2,0.3,25.3,1557.3,51.6,11.5,19.2,9.7,37.7,50.6,18.9,-0.58,2.5,2159.0,1692.0,0.28,1.67,1.7,0.3,0.2,0.1,215000.0,122963.0,17485.0,2500000.0,319450.0,78260.0,95.9471906662573,4030000,154.66687135400676,1903.6974104247545,0
2019,Androy,35.1,45.3,15.2,28.17808219178082,37.0,21.175342465753424,14.0,962.2,132.8,82.6027397260274,42.0,21.92602739726028,1017.9041095890412,24.55958904109589,6.271232876712329,3799.4,10.40931506849315,207.0,2.0,718.6,42.0,0.0,217.9,26.30978260869565,5.0,6.3,4.0,75.2,0.0,65760.0,11.2,92.5,3.21,,,791000.0,812694.347097364,19300.0,42.1085153936458,2,0,0,1,-0.7557495743542582,-0.6548607339452852,24.3,10.8,27.9,38.8,6.5,40.96666666666666,6.9,8.299999999999999,9.666666666666666,27.739661754455742,5.9228434644465855,40.91720782988603,3.512345738985065,9.935854067194814,4.173708010474223,29.28505735998838,7.0027397260273965,1.126,False,False,False,False,True,False,False,False,False,False,False,False,False,False,False,False,False,False,False,False,False,3560.435825605637,1745.795143860416,7.596810528601883,,,,,3.4,1.9,89.55,4.0,EDSM_2021,41.4,,20.0,89.6,88.1,89.32727272727273,22.1,4.2,21.3,35.2,0.3,25.3,1585.5,52.5,11.9,19.9,10.1,37.8,,18.8,-0.32,3.0,2163.0,1695.0,0.28,1.67,1.7,,0.2,0.1,219220.0,126258.0,17363.0,2913862.0,369977.0,78758.0,108.84550003093987,3910629,146.0791104522089,1877.889552417082,0
2020,Androy,35.1,45.3,15.2,27.19672131147541,34.0,19.92622950819672,13.0,237.3,26.6,82.25956284153006,42.0,25.21584699453552,1018.169398907104,26.49863387978142,6.0683060109289615,3743.4,10.227868852459016,147.0,0.0,136.0,40.0,0.0,75.7,24.88586956521739,5.5,7.2,4.5,77.4,,,0.98,102.5,3.2,,,791000.0,834358.5631570928,19300.0,43.231013635082526,3,0,0,2,-0.9898214418809328,-0.1423148382732852,35.1,0.0,31.5,45.3,0.0,43.133333333333326,15.2,0.0,12.433333333333332,27.739661754455742,5.9228434644465855,40.91720782988603,3.512345738985065,9.935854067194814,4.173708010474223,114.60902364717828,7.270491803278691,1.82,False,False,False,False,True,False,False,False,False,False,False,False,False,False,False,False,False,False,False,False,False,3583.02095770052,1996.883604241949,0.6343361656024449,,,,,3.4,1.9,89.55,4.0,EDSM_2021,40.4,,22.0,89.6,88.1,89.46363636363637,22.1,4.2,21.3,35.2,0.3,25.3,1436.2,53.4,12.3,20.5,10.4,,,18.7,-0.53,4.2,2167.0,1697.0,0.28,1.67,1.6,,0.2,0.1,224883.0,127026.0,17704.0,2599679.0,328226.0,79204.0,94.58793328879533,4227927,153.830867974814,1889.7225511614288,0
2021,Androy,35.1,45.3,15.2,28.273972602739725,39.0,20.46301369863014,15.0,464.7,37.3,81.03561643835616,39.0,22.339726027397266,1017.9041095890412,29.45513698630137,6.2,3679.2,10.08,174.0,11.0,253.4,39.0,0.0,185.6,25.95652173913044,6.0,5.5,5.0,78.0,,,,,3.34,0.41,0.43,791000.0,856535.0068566204,19300.0,44.38005216873681,2,3000,5,2,-0.9096319953545186,0.415415013001886,35.1,0.0,35.1,45.3,0.0,45.3,15.2,0.0,15.2,27.739661754455742,5.9228434644465855,40.91720782988603,3.512345738985065,9.935854067194814,4.173708010474223,60.84349602483263,7.810958904109587,1.517,False,False,False,False,True,False,False,False,False,False,False,False,False,False,False,False,False,False,False,False,False,,,,,,,,3.4,1.9,89.55,4.0,EDSM_2021,39.4,7.2,15.0,89.6,88.1,89.6,22.1,4.2,21.3,35.2,0.3,25.3,1463.6,,,,,,54.4,,-0.64,,2184.0,1709.0,0.28,1.67,1.6,0.3,,,232026.0,126200.0,18386.0,2439642.0,306295.0,79650.0,86.46686673995505,4391386,155.6414375821142,1871.484981702268,0
2022,Androy,35.1,45.3,15.2,29.10410958904109,37.0,20.353424657534248,14.0,779.5,158.4,81.27123287671233,62.0,23.378082191780823,1017.6739726027396,27.839726027397266,6.298630136986302,3686.7,10.10054794520548,163.0,5.0,674.9,62.0,1.0,83.1,27.657608695652176,3.8,10.6,5.5,77.5,,,,,3.65,,,791000.0,879133.2850830413,19300.0,45.55094741362908,4,0,0,4,-0.5406408174555974,0.8412535328311812,35.1,0.0,35.1,45.3,0.0,45.3,15.2,0.0,15.2,27.739661754455742,5.9228434644465855,40.91720782988603,3.512345738985065,9.935854067194814,4.173708010474223,37.33689491859025,8.750684931506846,2.986,False,False,False,False,True,False,False,False,False,False,False,False,False,False,False,False,False,False,False,False,False,,,,,,,,3.4,1.9,89.55,4.0,EDSM_2021,38.6,7.2,,89.6,88.1,89.73636363636363,22.1,4.2,21.3,35.2,0.3,25.3,,,,,,,,,,,2187.0,1711.0,0.3,1.67,1.6,,,,,,,,,,,4200000,145.03182270084608,1390.716108090305,0
2012,Anosy,26.61264255334153,39.30925684219386,6.436782178646701,26.36612021857924,33.0,21.64754098360656,16.0,1918.0,60.7,82.98087431693989,79.0,26.37704918032787,1017.5218579234972,28.55464480874317,6.14207650273224,7606.599999999999,10.391530054644807,436.0,0.0,1024.0,79.0,6.0,561.4,25.02173913043478,3.1,6.1,5.4,71.5,,66900.0,1.54,20.2,,,,789000.0,670042.8919701356,20900.0,32.05946851531749,2,0,0,1,0.0,1.0,,,26.61264255334153,,,39.30925684219386,,,6.436782178646701,26.629571373334823,2.2627571796589234,41.39259215312615,4.320090395647736,8.4521422142994,1.308760540073161,13.746673732314513,4.718579234972676,1.237,False,False,False,False,False,True,False,False,False,False,False,False,False,False,False,False,False,False,False,False,False,3502.0987811488167,2090.852667066967,,,,,,3.6,0.6,78.91,8.9,ENSOMD_2012,47.3,7.5,21.0,80.2,78.5,78.8090909090909,35.4,8.9,38.5,52.3,0.5,42.8,1497.0,46.2,9.1,15.5,7.7,37.5,41.9,19.5,-0.54,4.6,2133.0,1675.0,0.28,1.69,1.7,0.3,0.2,0.1,447948.0,269997.0,16591.0,3621309.0,475658.0,76133.0,163.65611496037585,4550649,205.65534062084168,2689.4341811220474,0
2013,Anosy,26.61264255334153,39.30925684219386,6.436782178646701,26.301369863013697,32.0,21.29041095890411,16.0,1368.0,31.2,81.78904109589041,44.0,24.534246575342465,1018.2794520547944,29.090068493150685,6.03013698630137,7462.5,10.222602739726028,412.0,0.0,783.0,44.0,0.0,514.6,24.5,2.3,5.5,1.3,72.0,,63750.0,1.78,34.5,,,,789000.0,689007.5041901569,20900.0,32.96686622919411,3,0,0,2,0.5406408174555976,0.8412535328311812,26.61264255334153,0.0,26.61264255334153,39.30925684219386,0.0,39.30925684219386,6.436782178646701,0.0,6.436782178646701,26.629571373334823,2.2627571796589234,41.39259215312615,4.320090395647736,8.4521422142994,1.308760540073161,19.226147560682527,5.010958904109586,1.832,False,False,False,False,False,True,False,False,False,False,False,False,False,False,False,False,False,False,False,False,False,3222.9938264013444,1869.6956328105864,-7.96964826491603,,,,,3.6,0.6,78.91,8.9,ENSOMD_2012,46.5,,24.0,80.2,78.5,78.96363636363637,35.4,8.9,38.5,52.3,0.5,42.8,1491.1,47.1,9.5,16.1,8.1,37.4,,19.4,-0.66,3.9,2137.0,1678.0,0.28,1.67,1.7,,0.2,0.1,380848.0,229684.0,16581.0,3114578.0,401316.0,77609.0,136.8814248515654,3610626,158.68205306982463,2121.6368917997006,0
2014,Anosy,24.5,37.9,8.1,26.715068493150685,32.0,21.66027397260273,16.0,1579.0,77.1,81.55616438356165,48.0,22.506849315068493,1018.191780821918,26.26541095890411,6.2,7681.2,10.522191780821917,420.0,0.0,685.2,42.0,0.0,753.0,24.92934782608696,3.3,7.2,1.5,72.5,,49223.0,1.55,16.8,,,,789000.0,708573.2134694499,20900.0,33.90302456791626,4,45000,68,3,0.9096319953545184,0.4154150130018864,26.61264255334153,-2.11264255334153,25.908428368894352,39.30925684219386,-1.4092568421938625,38.839504561462576,6.436782178646701,1.6632178213532989,6.9911881190978,26.629571373334823,2.2627571796589234,41.39259215312615,4.320090395647736,8.4521422142994,1.308760540073161,16.918979413015002,5.054794520547947,2.526,False,False,False,False,False,True,False,False,False,False,False,False,False,False,False,False,False,False,False,False,False,3247.217788854804,1845.951058261545,0.7515981648809733,,,,,3.6,0.6,78.91,8.9,MICS_2018,45.7,,35.0,80.2,78.5,79.11818181818182,35.4,8.9,38.5,52.3,0.5,42.8,1500.9,48.0,9.9,16.7,8.4,37.4,,19.4,-0.56,10.5,2142.0,1681.0,0.28,1.67,1.7,,0.2,0.1,366172.0,217542.0,16832.0,2929743.0,376323.0,77852.0,125.20280318296454,3977863,169.99429584021428,2178.91649461231,0
2015,Anosy,24.5,37.9,8.1,27.432876712328767,35.0,21.095890410958905,12.0,748.2,27.3,81.36164383561643,41.0,21.67945205479452,1018.241095890411,30.61541095890411,6.197260273972603,7389.099999999999,10.122054794520547,374.0,0.0,508.4,41.0,0.0,190.0,25.625,3.3,8.2,1.8,73.0,,47507.0,2.71,53.6,,,,789000.0,728619.8003961603,20900.0,34.862191406514846,3,0,0,1,0.9898214418809328,-0.142314838273285,24.5,0.0,25.20421418444717,37.9,0.0,38.36975228073128,8.1,0.0,7.5455940595488995,26.629571373334823,2.2627571796589234,41.39259215312615,4.320090395647736,8.4521422142994,1.308760540073161,36.66516534660353,6.336986301369862,1.4229999999999998,False,False,False,False,False,True,False,False,False,False,False,False,False,False,False,False,False,False,False,False,False,3155.481221746184,1718.2949329657465,-2.8250820571222857,,,,,3.6,0.6,78.91,8.9,MICS_2018,45.0,,52.0,80.2,78.5,79.27272727272727,35.4,8.9,38.5,52.3,0.5,42.8,1508.4,48.9,10.3,17.3,8.7,37.4,,19.3,-0.43,11.0,2147.0,1684.0,0.28,1.67,1.7,,0.2,0.1,329367.0,192137.0,17142.0,2676952.0,346550.0,77246.0,111.25226780008892,3722304,154.69637163510671,1971.071038912372,0
2016,Anosy,24.5,37.9,8.1,27.22677595628416,34.0,20.9344262295082,13.0,905.0,53.4,82.38251366120218,42.0,21.131147540983605,1019.0655737704918,31.318989071038253,6.117486338797814,7419.2,10.13551912568306,392.0,0.0,286.0,40.0,0.0,579.2,24.58695652173913,4.2,6.9,2.0,74.0,,53093.0,2.72,57.1,,,,789000.0,748185.5096754533,20900.0,35.798349745237,3,10000,15,3,0.7557495743542583,-0.654860733945285,24.5,0.0,24.5,37.9,0.0,37.9,8.1,0.0,8.1,26.629571373334823,2.2627571796589234,41.39259215312615,4.320090395647736,8.4521422142994,1.308760540073161,30.08483531081122,6.2923497267759565,2.22,False,False,False,False,False,True,False,False,False,False,False,False,False,False,False,False,False,False,False,False,False,3184.2017671732337,1616.7507251586012,0.910179570365388,,,,,3.6,0.6,78.91,8.9,MICS_2018,44.2,,69.0,80.2,78.5,79.42727272727274,35.4,8.9,38.5,52.3,0.5,42.8,1528.6,49.8,10.7,17.9,9.1,37.5,,19.2,-0.29,11.2,2151.0,1687.0,0.28,1.67,1.7,,0.2,,316331.0,182758.0,17309.0,2629478.0,342723.0,76723.0,106.42153195622512,3815849,154.4369248549065,1947.4073647181729,0
2017,Anosy,24.5,37.9,8.1,27.40821917808219,34.0,21.257534246575343,14.0,1498.6,104.0,82.17808219178082,66.0,18.33150684931507,1018.6767123287672,33.9972602739726,6.131506849315069,7285.2,9.97972602739726,454.0,0.0,977.8,66.0,2.0,462.2,25.55978260869565,4.1,8.4,2.5,75.0,,59602.0,3.19,58.7,3.08,,,789000.0,768502.5902788359,20900.0,36.77045886501607,3,83000,80,4,0.2817325568414296,-0.9594929736144974,24.5,0.0,24.5,37.9,0.0,37.9,8.1,0.0,8.1,26.629571373334823,2.2627571796589234,41.39259215312615,4.320090395647736,8.4521422142994,1.308760540073161,18.28921605370492,6.150684931506849,2.698,False,False,False,False,False,True,False,False,False,False,False,False,False,False,False,False,False,False,False,False,False,3207.061056780647,1661.9746049336782,0.71789702031686,,,,,3.6,0.6,78.91,8.9,MICS_2018,43.4,,59.0,80.2,78.5,79.58181818181819,35.4,8.9,38.5,52.3,0.5,42.8,1548.2,50.7,11.1,18.5,9.4,37.5,,19.0,-0.3,10.1,2155.0,1690.0,0.28,1.67,1.7,,0.2,,281487.0,161716.0,17406.0,2522722.0,328799.0,76725.0,99.40158663107492,3600500,141.86874838574573,1796.1182409858354,0
2018,Anosy,24.5,37.9,8.1,27.293150684931508,35.0,21.284931506849315,16.0,1873.0,196.6,81.46575342465754,31.0,14.627397260273971,1018.3753424657534,30.118150684931507,6.126027397260274,7393.8,10.128493150684932,428.0,0.0,1179.4,25.0,0.0,616.4,25.96195652173913,4.6,8.6,4.2,75.3,7000.000000000001,60114.0,5.59,93.6,3.18,,,789000.0,789000.0,20900.0,37.7511961722488,2,0,0,2,-0.2817325568414294,-0.9594929736144976,24.5,0.0,24.5,37.9,0.0,37.9,8.1,0.0,8.1,26.629571373334823,2.2627571796589234,41.39259215312615,4.320090395647736,8.4521422142994,1.308760540073161,14.571890381703955,6.008219178082193,1.475,False,False,False,False,False,True,False,False,False,False,False,False,False,False,False,False,False,False,False,False,False,3309.0533149764565,1665.830970966667,3.1802406125124527,,,,,3.6,0.6,78.91,8.9,MICS_2018,42.4,6.4,25.0,80.2,78.5,79.73636363636363,35.4,8.9,38.5,52.3,0.5,42.8,1557.3,51.6,11.5,19.2,9.7,37.7,50.6,18.9,-0.58,2.5,2159.0,1692.0,0.28,1.67,1.7,0.3,0.2,0.1,215000.0,122963.0,17485.0,2500000.0,319450.0,78260.0,95.9471906662573,4030000,154.66687135400676,1903.6974104247545,0
2019,Anosy,29.3,46.8,9.9,26.832876712328765,35.0,21.068493150684933,14.0,3038.6,222.1,84.72054794520548,32.0,17.172602739726027,1018.2493150684932,35.23527397260274,5.991780821917808,7249.099999999999,9.93027397260274,572.0,0.0,1546.8,32.0,0.0,1267.4,24.67934782608696,5.0,6.3,4.0,75.2,5000.0,65760.0,11.2,92.5,3.21,,,789000.0,810639.4941337802,20900.0,38.78657866668805,2,0,0,1,-0.7557495743542582,-0.6548607339452852,24.5,4.800000000000001,26.1,37.9,8.899999999999999,40.86666666666667,8.1,1.8000000000000007,8.700000000000001,26.629571373334823,2.2627571796589234,41.39259215312615,4.320090395647736,8.4521422142994,1.308760540073161,8.83067093804014,5.764383561643832,1.096,False,False,False,False,False,True,False,False,False,False,False,False,False,False,False,False,False,False,False,False,False,3560.435825605637,1745.795143860416,7.596810528601883,,,,,3.6,0.6,78.91,8.9,EDSM_2021,41.4,,20.0,80.2,78.5,79.89090909090909,35.4,8.9,38.5,52.3,0.5,42.8,1585.5,52.5,11.9,19.9,10.1,37.8,,18.8,-0.32,3.0,2163.0,1695.0,0.28,1.67,1.7,,0.2,0.1,219220.0,126258.0,17363.0,2913862.0,369977.0,78758.0,108.84550003093987,3910629,146.0791104522089,1877.889552417082,0
2020,Anosy,29.3,46.8,9.9,25.770491803278688,33.0,20.161202185792348,13.0,1801.0,40.0,85.35519125683061,34.0,21.80054644808743,1018.636612021858,45.49077868852459,5.663934426229508,6810.3,9.303688524590164,550.0,0.0,590.4,34.0,0.0,952.6,23.65217391304348,5.5,7.2,4.5,77.4,,,0.98,102.5,3.2,,,789000.0,832248.933414597,20900.0,39.82052312988502,3,0,0,2,-0.9898214418809328,-0.1423148382732852,29.3,0.0,27.7,46.8,0.0,43.833333333333336,9.9,0.0,9.3,26.629571373334823,2.2627571796589234,41.39259215312615,4.320090395647736,8.4521422142994,1.308760540073161,14.30899045157062,5.60928961748634,1.802,False,False,False,False,False,True,False,False,False,False,False,False,False,False,False,False,False,False,False,False,False,3583.02095770052,1996.883604241949,0.6343361656024449,,,,,3.6,0.6,78.91,8.9,EDSM_2021,40.4,,22.0,80.2,78.5,80.04545454545455,35.4,8.9,38.5,52.3,0.5,42.8,1436.2,53.4,12.3,20.5,10.4,,,18.7,-0.53,4.2,2167.0,1697.0,0.28,1.67,1.6,,0.2,0.1,224883.0,127026.0,17704.0,2599679.0,328226.0,79204.0,94.58793328879533,4227927,153.830867974814,1889.7225511614288,0
2021,Anosy,29.3,46.8,9.9,27.22465753424657,36.0,20.44383561643836,15.0,2434.0,117.1,85.71232876712328,35.0,20.767123287671232,1018.3835616438356,41.80513698630137,5.838356164383562,6963.7,9.539315068493153,514.0,8.0,875.2,33.0,0.0,1474.2,24.88043478260869,6.0,5.5,5.0,78.0,,,,,3.34,0.41,0.43,789000.0,854369.3051957947,20900.0,40.87891412420071,2,3000,5,2,-0.9096319953545186,0.415415013001886,29.3,0.0,29.3,46.8,0.0,46.8,9.9,0.0,9.9,26.629571373334823,2.2627571796589234,41.39259215312615,4.320090395647736,8.4521422142994,1.308760540073161,11.185151000101303,6.780821917808218,1.499,False,False,False,False,False,True,False,False,False,False,False,False,False,False,False,False,False,False,False,False,False,,,,,,,,3.6,0.6,78.91,8.9,EDSM_2021,39.4,7.2,15.0,80.2,78.5,80.2,35.4,8.9,38.5,52.3,0.5,42.8,1463.6,,,,,,54.4,,-0.64,,2184.0,1709.0,0.28,1.67,1.6,0.3,,,232026.0,126200.0,18386.0,2439642.0,306295.0,79650.0,86.46686673995505,4391386,155.6414375821142,1871.484981702268,0
2022,Anosy,29.3,46.8,9.9,27.54794520547945,35.0,20.156164383561645,15.0,3169.0,191.7,86.7095890410959,55.0,21.83561643835617,1018.2712328767124,42.11061643835617,5.863013698630137,6912.2,9.468767123287671,522.0,0.0,2221.4,55.0,2.0,645.6,26.05434782608696,3.8,10.6,5.5,77.5,,,,,3.65,,,789000.0,876910.4449184823,20900.0,41.95743755590824,4,0,0,4,-0.5406408174555974,0.8412535328311812,29.3,0.0,29.3,46.8,0.0,46.8,9.9,0.0,9.9,26.629571373334823,2.2627571796589234,41.39259215312615,4.320090395647736,8.4521422142994,1.308760540073161,8.692945789043689,7.391780821917806,2.965,False,False,False,False,False,True,False,False,False,False,False,False,False,False,False,False,False,False,False,False,False,,,,,,,,3.6,0.6,78.91,8.9,EDSM_2021,38.6,7.2,,80.2,78.5,80.35454545454546,35.4,8.9,38.5,52.3,0.5,42.8,,,,,,,,,,,2187.0,1711.0,0.3,1.67,1.6,,,,,,,,,,,4200000,145.03182270084608,1390.716108090305,0
2012,Atsimo-Atsinanana,33.64729603219853,48.35840222508536,9.918526276763693,,,,,,,,,,,,,,,,,,,,,,3.1,6.1,5.4,71.5,,66900.0,1.54,20.2,,,,,,,,2,0,0,1,0.0,1.0,,,33.64729603219853,,,48.35840222508536,,,9.918526276763693,24.99950836949064,10.05266857445448,35.70152767728825,14.650188627155336,7.721550232138854,4.516620519191582,,,1.0,False,False,False,False,False,False,False,False,False,False,False,False,False,False,False,False,False,False,False,False,False,3502.0987811488167,2090.852667066967,,,,,,,,,,ENSOMD_2012,47.3,7.5,21.0,,,,,,,,,,1497.0,46.2,9.1,15.5,7.7,37.5,41.9,19.5,-0.54,4.6,2133.0,1675.0,0.28,1.69,1.7,0.3,0.2,0.1,447948.0,269997.0,16591.0,3621309.0,475658.0,76133.0,163.65611496037585,4550649,205.65534062084168,2689.4341811220474,1
2013,Atsimo-Atsinanana,33.64729603219853,48.35840222508536,9.918526276763693,,,,,,,,,,,,,,,,,,,,,,2.3,5.5,1.3,72.0,,63750.0,1.78,34.5,,,,,,,,3,0,0,2,0.5406408174555976,0.8412535328311812,33.64729603219853,0.0,33.64729603219853,48.35840222508536,0.0,48.35840222508536,9.918526276763693,0.0,9.918526276763693,24.99950836949064,10.05266857445448,35.70152767728825,14.650188627155336,7.721550232138854,4.516620519191582,,,1.7,False,False,False,False,False,False,False,False,False,False,False,False,False,False,False,False,False,False,False,False,False,3222.9938264013444,1869.6956328105864,-7.96964826491603,,,,,,,,,ENSOMD_2012,46.5,,24.0,,,,,,,,,,1491.1,47.1,9.5,16.1,8.1,37.4,,19.4,-0.66,3.9,2137.0,1678.0,0.28,1.67,1.7,,0.2,0.1,380848.0,229684.0,16581.0,3114578.0,401316.0,77609.0,136.8814248515654,3610626,158.68205306982463,2121.6368917997006,1
2014,Atsimo-Atsinanana,14.5,20.4,3.1,,,,,,,,,,,,,,,,,,,,,,3.3,7.2,1.5,72.5,,49223.0,1.55,16.8,,,,,,,,4,45000,68,3,0.9096319953545184,0.4154150130018864,33.64729603219853,-19.147296032198533,27.264864021465687,48.35840222508536,-27.95840222508536,39.038934816723575,9.918526276763693,-6.818526276763693,7.645684184509129,24.99950836949064,10.05266857445448,35.70152767728825,14.650188627155336,7.721550232138854,4.516620519191582,,,2.4000000000000004,False,False,False,False,False,False,False,False,False,False,False,False,False,False,False,False,False,False,False,False,False,3247.217788854804,1845.951058261545,0.7515981648809733,,,,,,,,,MICS_2018,45.7,,35.0,,,,,,,,,,1500.9,48.0,9.9,16.7,8.4,37.4,,19.4,-0.56,10.5,2142.0,1681.0,0.28,1.67,1.7,,0.2,0.1,366172.0,217542.0,16832.0,2929743.0,376323.0,77852.0,125.20280318296454,3977863,169.99429584021428,2178.91649461231,1
2015,Atsimo-Atsinanana,14.5,20.4,3.1,,,,,,,,,,,,,,,,,,,,,,3.3,8.2,1.8,73.0,,47507.0,2.71,53.6,,,,,,,,3,0,0,1,0.9898214418809328,-0.142314838273285,14.5,0.0,20.882432010732845,20.4,0.0,29.719467408361783,3.1,0.0,5.372842092254564,24.99950836949064,10.05266857445448,35.70152767728825,14.650188627155336,7.721550232138854,4.516620519191582,,,1.2999999999999998,False,False,False,False,False,False,False,False,False,False,False,False,False,False,False,False,False,False,False,False,False,3155.481221746184,1718.2949329657465,-2.8250820571222857,,,,,,,,,MICS_2018,45.0,,52.0,,,,,,,,,,1508.4,48.9,10.3,17.3,8.7,37.4,,19.3,-0.43,11.0,2147.0,1684.0,0.28,1.67,1.7,,0.2,0.1,329367.0,192137.0,17142.0,2676952.0,346550.0,77246.0,111.25226780008892,3722304,154.69637163510671,1971.071038912372,1
2016,Atsimo-Atsinanana,14.5,20.4,3.1,,,,,,,,,,,,,,,,,,,,,,4.2,6.9,2.0,74.0,,53093.0,2.72,57.1,,,,,,,,3,10000,15,3,0.7557495743542583,-0.654860733945285,14.5,0.0,14.5,20.4,0.0,20.4,3.1,0.0,3.1,24.99950836949064,10.05266857445448,35.70152767728825,14.650188627155336,7.721550232138854,4.516620519191582,,,2.1,False,False,False,False,False,False,False,False,False,False,False,False,False,False,False,False,False,False,False,False,False,3184.2017671732337,1616.7507251586012,0.910179570365388,,,,,,,,,MICS_2018,44.2,,69.0,,,,,,,,,,1528.6,49.8,10.7,17.9,9.1,37.5,,19.2,-0.29,11.2,2151.0,1687.0,0.28,1.67,1.7,,0.2,,316331.0,182758.0,17309.0,2629478.0,342723.0,76723.0,106.42153195622512,3815849,154.4369248549065,1947.4073647181729,1
2017,Atsimo-Atsinanana,14.5,20.4,3.1,,,,,,,,,,,,,,,,,,,,,,4.1,8.4,2.5,75.0,,59602.0,3.19,58.7,3.08,,,,,,,3,83000,80,4,0.2817325568414296,-0.9594929736144974,14.5,0.0,14.5,20.4,0.0,20.4,3.1,0.0,3.1,24.99950836949064,10.05266857445448,35.70152767728825,14.650188627155336,7.721550232138854,4.516620519191582,,,2.5,False,False,False,False,False,False,False,False,False,False,False,False,False,False,False,False,False,False,False,False,False,3207.061056780647,1661.9746049336782,0.71789702031686,,,,,,,,,MICS_2018,43.4,,59.0,,,,,,,,,,1548.2,50.7,11.1,18.5,9.4,37.5,,19.0,-0.3,10.1,2155.0,1690.0,0.28,1.67,1.7,,0.2,,281487.0,161716.0,17406.0,2522722.0,328799.0,76725.0,99.40158663107492,3600500,141.86874838574573,1796.1182409858354,1
2018,Atsimo-Atsinanana,14.5,20.4,3.1,,,,,,,,,,,,,,,,,,,,,,4.6,8.6,4.2,75.3,,60114.0,5.59,93.6,3.18,,,,,,,2,0,0,2,-0.2817325568414294,-0.9594929736144976,14.5,0.0,14.5,20.4,0.0,20.4,3.1,0.0,3.1,24.99950836949064,10.05266857445448,35.70152767728825,14.650188627155336,7.721550232138854,4.516620519191582,,,1.4,False,False,False,False,False,False,False,False,False,False,False,False,False,False,False,False,False,False,False,False,False,3309.0533149764565,1665.830970966667,3.1802406125124527,,,,,,,,,MICS_2018,42.4,6.4,25.0,,,,,,,,,,1557.3,51.6,11.5,19.2,9.7,37.7,50.6,18.9,-0.58,2.5,2159.0,1692.0,0.28,1.67,1.7,0.3,0.2,0.1,215000.0,122963.0,17485.0,2500000.0,319450.0,78260.0,95.9471906662573,4030000,154.66687135400676,1903.6974104247545,1
2019,Atsimo-Atsinanana,33.8,48.5,12.4,,,,,,,,,,,,,,,,,,,,,,5.0,6.3,4.0,75.2,,65760.0,11.2,92.5,3.21,,,,,,,2,0,0,1,-0.7557495743542582,-0.6548607339452852,14.5,19.3,20.933333333333334,20.4,28.1,29.766666666666666,3.1,9.3,6.2,24.99950836949064,10.05266857445448,35.70152767728825,14.650188627155336,7.721550232138854,4.516620519191582,,,1.0,False,False,False,False,False,False,False,False,False,False,False,False,False,False,False,False,False,False,False,False,False,3560.435825605637,1745.795143860416,7.596810528601883,,,,,,,,,EDSM_2021,41.4,,20.0,,,,,,,,,,1585.5,52.5,11.9,19.9,10.1,37.8,,18.8,-0.32,3.0,2163.0,1695.0,0.28,1.67,1.7,,0.2,0.1,219220.0,126258.0,17363.0,2913862.0,369977.0,78758.0,108.84550003093987,3910629,146.0791104522089,1877.889552417082,1
2020,Atsimo-Atsinanana,33.8,48.5,12.4,,,,,,,,,,,,,,,,,,,,,,5.5,7.2,4.5,77.4,,,0.98,102.5,3.2,,,,,,,3,0,0,2,-0.9898214418809328,-0.1423148382732852,33.8,0.0,27.366666666666664,48.5,0.0,39.13333333333333,12.4,0.0,9.3,24.99950836949064,10.05266857445448,35.70152767728825,14.650188627155336,7.721550232138854,4.516620519191582,,,1.7,False,False,False,False,False,False,False,False,False,False,False,False,False,False,False,False,False,False,False,False,False,3583.02095770052,1996.883604241949,0.6343361656024449,,,,,,,,,EDSM_2021,40.4,,22.0,,,,,,,,,,1436.2,53.4,12.3,20.5,10.4,,,18.7,-0.53,4.2,2167.0,1697.0,0.28,1.67,1.6,,0.2,0.1,224883.0,127026.0,17704.0,2599679.0,328226.0,79204.0,94.58793328879533,4227927,153.830867974814,1889.7225511614288,1
2021,Atsimo-Atsinanana,33.8,48.5,12.4,,,,,,,,,,,,,,,,,,,,,,6.0,5.5,5.0,78.0,,,,,3.34,0.41,0.43,,,,,2,3000,5,2,-0.9096319953545186,0.415415013001886,33.8,0.0,33.8,48.5,0.0,48.5,12.4,0.0,12.4,24.99950836949064,10.05266857445448,35.70152767728825,14.650188627155336,7.721550232138854,4.516620519191582,,,1.4,False,False,False,False,False,False,False,False,False,False,False,False,False,False,False,False,False,False,False,False,False,,,,,,,,,,,,EDSM_2021,39.4,7.2,15.0,,,,,,,,,,1463.6,,,,,,54.4,,-0.64,,2184.0,1709.0,0.28,1.67,1.6,0.3,,,232026.0,126200.0,18386.0,2439642.0,306295.0,79650.0,86.46686673995505,4391386,155.6414375821142,1871.484981702268,1
2022,Atsimo-Atsinanana,33.8,48.5,12.4,,,,,,,,,,,,,,,,,,,,,,3.8,10.6,5.5,77.5,,,,,3.65,,,,,,,4,0,0,4,-0.5406408174555974,0.8412535328311812,33.8,0.0,33.8,48.5,0.0,48.5,12.4,0.0,12.4,24.99950836949064,10.05266857445448,35.70152767728825,14.650188627155336,7.721550232138854,4.516620519191582,,,2.8,False,False,False,False,False,False,False,False,False,False,False,False,False,False,False,False,False,False,False,False,False,,,,,,,,,,,,EDSM_2021,38.6,7.2,,,,,,,,,,,,,,,,,,,,,2187.0,1711.0,0.3,1.67,1.6,,,,,,,,,,,4200000,145.03182270084608,1390.716108090305,1
2012,Atsimo-Andrefana,23.69656777084284,32.49679610540422,8.800770639462064,29.362841530054645,36.0,23.00054644808743,17.0,3847.9,122.1,77.10491803278688,69.0,24.721857923497268,1015.596174863388,16.00457650273224,6.6775956284153,19773.0,10.804918032786883,824.0,1.0,2978.4,69.0,16.0,318.2,28.068478260869565,3.1,6.1,5.4,71.5,,66900.0,1.54,20.2,,,,1706000.0,1448787.29239677,63900.0,22.672727580544134,2,0,0,1,0.0,1.0,,,23.69656777084284,,,32.49679610540422,,,8.800770639462064,21.363012321971425,5.174296068844173,32.9357811100735,5.378392544199577,6.618321934447647,1.218322214725463,7.630874380845304,6.362295081967215,1.207,False,False,False,False,False,False,True,False,False,False,False,False,False,False,False,False,False,False,False,False,False,3502.0987811488167,2090.852667066967,,,,,,4.8,4.0,76.8,8.8,ENSOMD_2012,47.3,7.5,21.0,73.5,71.2,71.61818181818181,40.8,12.4,43.6,58.6,0.6,48.5,1497.0,46.2,9.1,15.5,7.7,37.5,41.9,19.5,-0.54,4.6,2133.0,1675.0,0.28,1.69,1.7,0.3,0.2,0.1,447948.0,269997.0,16591.0,3621309.0,475658.0,76133.0,163.65611496037585,4550649,205.65534062084168,2689.4341811220474,0
2013,Atsimo-Andrefana,23.69656777084284,32.49679610540422,8.800770639462064,29.49917808219178,36.0,22.6454794520548,15.0,4232.5,256.9,75.34849315068493,77.0,25.04438356164384,1016.3172602739726,14.69054794520548,6.682191780821918,19706.1,10.79786301369863,669.0,1.0,3835.7,77.0,9.0,351.7,27.76630434782609,2.3,5.5,1.3,72.0,,63750.0,1.78,34.5,,,,1706000.0,1489793.1586164862,63900.0,23.31444692670557,3,0,0,2,0.5406408174555976,0.8412535328311812,23.69656777084284,0.0,23.69656777084284,32.49679610540422,0.0,32.49679610540422,8.800770639462064,0.0,8.800770639462064,21.363012321971425,5.174296068844173,32.9357811100735,5.378392544199577,6.618321934447647,1.218322214725463,6.969681767794868,6.853698630136986,1.931,False,False,False,False,False,False,True,False,False,False,False,False,False,False,False,False,False,False,False,False,False,3222.9938264013444,1869.6956328105864,-7.96964826491603,,,,,4.8,4.0,76.8,8.8,ENSOMD_2012,46.5,,24.0,73.5,71.2,71.82727272727273,40.8,12.4,43.6,58.6,0.6,48.5,1491.1,47.1,9.5,16.1,8.1,37.4,,19.4,-0.66,3.9,2137.0,1678.0,0.28,1.67,1.7,,0.2,0.1,380848.0,229684.0,16581.0,3114578.0,401316.0,77609.0,136.8814248515654,3610626,158.68205306982463,2121.6368917997006,0
2014,Atsimo-Andrefana,25.6,38.1,5.6,29.36493150684932,36.0,22.795068493150684,16.0,3546.7,201.2,75.44054794520548,56.0,24.7227397260274,1016.482191780822,15.435890410958905,6.673972602739726,19673.7,10.780109589041096,655.0,2.0,2973.2,56.0,6.0,452.1,27.7,3.3,7.2,1.5,72.5,,49223.0,1.55,16.8,,,,1706000.0,1532098.7353344506,63900.0,23.976506030273093,4,45000,68,3,0.9096319953545184,0.4154150130018864,23.69656777084284,1.9034322291571648,24.33104518056189,32.49679610540422,5.603203894595779,34.36453073693615,8.800770639462064,-3.200770639462064,7.733847092974709,21.363012321971425,5.174296068844173,32.9357811100735,5.378392544199577,6.618321934447647,1.218322214725463,8.279508136253225,6.569863013698633,2.5680000000000005,False,False,False,False,False,False,True,False,False,False,False,False,False,False,False,False,False,False,False,False,False,3247.217788854804,1845.951058261545,0.7515981648809733,,,,,4.8,4.0,76.8,8.8,MICS_2018,45.7,,35.0,73.5,71.2,72.03636363636363,40.8,12.4,43.6,58.6,0.6,48.5,1500.9,48.0,9.9,16.7,8.4,37.4,,19.4,-0.56,10.5,2142.0,1681.0,0.28,1.67,1.7,,0.2,0.1,366172.0,217542.0,16832.0,2929743.0,376323.0,77852.0,125.20280318296454,3977863,169.99429584021428,2178.91649461231,0
2015,Atsimo-Andrefana,25.6,38.1,5.6,28.85150684931507,35.0,23.54082191780822,15.0,5530.6,169.1,73.96219178082191,59.0,24.916164383561643,1016.3791780821916,17.978493150684933,6.568767123287671,19493.0,10.681095890410958,755.0,0.0,5000.2,59.0,8.0,388.4,27.50217391304348,3.3,8.2,1.8,73.0,,47507.0,2.71,53.6,,,,1706000.0,1575444.0804510133,63900.0,24.654836939765467,3,0,0,1,0.9898214418809328,-0.142314838273285,25.6,0.0,24.965522590280944,38.1,0.0,36.23226536846807,5.6,0.0,6.666923546487354,21.363012321971425,5.174296068844173,32.9357811100735,5.378392544199577,6.618321934447647,1.218322214725463,5.216704670255499,5.310684931506849,1.477,False,False,False,False,False,False,True,False,False,False,False,False,False,False,False,False,False,False,False,False,False,3155.481221746184,1718.2949329657465,-2.8250820571222857,,,,,4.8,4.0,76.8,8.8,MICS_2018,45.0,,52.0,73.5,71.2,72.24545454545455,40.8,12.4,43.6,58.6,0.6,48.5,1508.4,48.9,10.3,17.3,8.7,37.4,,19.3,-0.43,11.0,2147.0,1684.0,0.28,1.67,1.7,,0.2,0.1,329367.0,192137.0,17142.0,2676952.0,346550.0,77246.0,111.25226780008892,3722304,154.69637163510671,1971.071038912372,0
2016,Atsimo-Andrefana,25.6,38.1,5.6,28.927868852459017,36.0,23.54535519125683,17.0,2925.8,97.7,73.51092896174863,52.0,25.31366120218579,1017.1754098360656,18.14084699453552,6.620765027322404,19567.3,10.692513661202186,809.0,1.0,2423.0,52.0,1.0,401.3,26.96086956521739,4.2,6.9,2.0,74.0,,53093.0,2.72,57.1,,,,1706000.0,1617749.6571689774,63900.0,25.31689604333298,3,10000,15,3,0.7557495743542583,-0.654860733945285,25.6,0.0,25.6,38.1,0.0,38.1,5.6,0.0,5.6,21.363012321971425,5.174296068844173,32.9357811100735,5.378392544199577,6.618321934447647,1.218322214725463,9.887165511128243,5.382513661202186,2.256,False,False,False,False,False,False,True,False,False,False,False,False,False,False,False,False,False,False,False,False,False,3184.2017671732337,1616.7507251586012,0.910179570365388,,,,,4.8,4.0,76.8,8.8,MICS_2018,44.2,,69.0,73.5,71.2,72.45454545454545,40.8,12.4,43.6,58.6,0.6,48.5,1528.6,49.8,10.7,17.9,9.1,37.5,,19.2,-0.29,11.2,2151.0,1687.0,0.28,1.67,1.7,,0.2,,316331.0,182758.0,17309.0,2629478.0,342723.0,76723.0,106.42153195622512,3815849,154.4369248549065,1947.4073647181729,0
2017,Atsimo-Andrefana,25.6,38.1,5.6,29.23068493150685,36.0,23.715616438356165,17.0,3341.8,141.7,73.22684931506849,49.0,23.85095890410959,1016.6438356164384,17.161438356164382,6.717808219178083,19633.1,10.75786301369863,781.0,1.0,2818.7,47.0,0.0,226.3,27.845652173913045,4.1,8.4,2.5,75.0,,59602.0,3.19,58.7,3.08,,,1706000.0,1661679.8720097516,63900.0,26.00437984365809,3,83000,80,4,0.2817325568414296,-0.9594929736144974,25.6,0.0,25.6,38.1,0.0,38.1,5.6,0.0,5.6,21.363012321971425,5.174296068844173,32.9357811100735,5.378392544199577,6.618321934447647,1.218322214725463,8.746988129602864,5.515068493150686,2.641,False,False,False,False,False,False,True,False,False,False,False,False,False,False,False,False,False,False,False,False,False,3207.061056780647,1661.9746049336782,0.71789702031686,,,,,4.8,4.0,76.8,8.8,MICS_2018,43.4,,59.0,73.5,71.2,72.66363636363637,40.8,12.4,43.6,58.6,0.6,48.5,1548.2,50.7,11.1,18.5,9.4,37.5,,19.0,-0.3,10.1,2155.0,1690.0,0.28,1.67,1.7,,0.2,,281487.0,161716.0,17406.0,2522722.0,328799.0,76725.0,99.40158663107492,3600500,141.86874838574573,1796.1182409858354,0
2018,Atsimo-Andrefana,25.6,38.1,5.6,29.28383561643836,36.0,23.218082191780823,17.0,2280.5,174.2,72.68054794520548,44.0,22.655342465753424,1016.4684931506848,13.37458904109589,6.718356164383562,19743.7,10.818465753424658,580.0,2.0,1294.0,42.0,0.0,815.5,27.85217391304348,4.6,8.6,4.2,75.3,40000.0,60114.0,5.59,93.6,3.18,,,1706000.0,1706000.0,63900.0,26.697965571205007,2,0,0,2,-0.2817325568414294,-0.9594929736144976,25.6,0.0,25.6,38.1,0.0,38.1,5.6,0.0,5.6,21.363012321971425,5.174296068844173,32.9357811100735,5.378392544199577,6.618321934447647,1.218322214725463,12.84097154853688,6.065753424657533,1.5259999999999998,False,False,False,False,False,False,True,False,False,False,False,False,False,False,False,False,False,False,False,False,False,3309.0533149764565,1665.830970966667,3.1802406125124527,,,,,4.8,4.0,76.8,8.8,MICS_2018,42.4,6.4,25.0,73.5,71.2,72.87272727272727,40.8,12.4,43.6,58.6,0.6,48.5,1557.3,51.6,11.5,19.2,9.7,37.7,50.6,18.9,-0.58,2.5,2159.0,1692.0,0.28,1.67,1.7,0.3,0.2,0.1,215000.0,122963.0,17485.0,2500000.0,319450.0,78260.0,95.9471906662573,4030000,154.66687135400676,1903.6974104247545,0
2019,Atsimo-Andrefana,14.9,26.7,6.8,29.06958904109589,37.0,23.115068493150684,14.0,4428.7,124.1,75.85479452054794,47.0,23.957260273972604,1016.265205479452,17.96945205479452,6.585753424657534,19478.1,10.672931506849316,755.0,10.0,3721.7,46.0,0.0,657.4,27.514130434782608,5.0,6.3,4.0,75.2,40800.0,65760.0,11.2,92.5,3.21,,,1706000.0,1752789.5779369192,63900.0,27.430196837823463,2,0,0,1,-0.7557495743542582,-0.6548607339452852,25.6,-10.7,22.03333333333333,38.1,-11.400000000000002,34.300000000000004,5.6,1.2000000000000002,6.0,21.363012321971425,5.174296068844173,32.9357811100735,5.378392544199577,6.618321934447647,1.218322214725463,6.563910186080767,5.954520547945208,1.138,False,False,False,False,False,False,True,False,False,False,False,False,False,False,False,False,False,False,False,False,False,3560.435825605637,1745.795143860416,7.596810528601883,,,,,4.8,4.0,76.8,8.8,EDSM_2021,41.4,,20.0,73.5,71.2,73.08181818181818,40.8,12.4,43.6,58.6,0.6,48.5,1585.5,52.5,11.9,19.9,10.1,37.8,,18.8,-0.32,3.0,2163.0,1695.0,0.28,1.67,1.7,,0.2,0.1,219220.0,126258.0,17363.0,2913862.0,369977.0,78758.0,108.84550003093987,3910629,146.0791104522089,1877.889552417082,0
2020,Atsimo-Andrefana,14.9,26.7,6.8,28.503278688524592,35.0,22.14535519125683,15.0,1460.3,34.4,75.2344262295082,46.0,24.70546448087432,1016.324043715847,19.66653005464481,6.451912568306011,19324.9,10.560054644808742,559.0,0.0,1047.0,43.0,0.0,296.5,26.62717391304348,5.5,7.2,4.5,77.4,,,0.98,102.5,3.2,,,1706000.0,1799514.1703489255,63900.0,28.161411116571603,3,0,0,2,-0.9898214418809328,-0.1423148382732852,14.9,0.0,18.46666666666667,26.7,0.0,30.5,6.8,0.0,6.4,21.363012321971425,5.174296068844173,32.9357811100735,5.378392544199577,6.618321934447647,1.218322214725463,19.518782913459283,6.3579234972677625,1.829,False,False,False,False,False,False,True,False,False,False,False,False,False,False,False,False,False,False,False,False,False,3583.02095770052,1996.883604241949,0.6343361656024449,,,,,4.8,4.0,76.8,8.8,EDSM_2021,40.4,,22.0,73.5,71.2,73.29090909090908,40.8,12.4,43.6,58.6,0.6,48.5,1436.2,53.4,12.3,20.5,10.4,,,18.7,-0.53,4.2,2167.0,1697.0,0.28,1.67,1.6,,0.2,0.1,224883.0,127026.0,17704.0,2599679.0,328226.0,79204.0,94.58793328879533,4227927,153.830867974814,1889.7225511614288,0
2021,Atsimo-Andrefana,14.9,26.7,6.8,29.14246575342466,36.0,22.07890410958904,15.0,3526.5,289.6,75.62246575342466,50.0,24.376438356164385,1016.5890410958904,21.17931506849315,6.487671232876712,19062.8,10.4453698630137,598.0,5.0,3142.5,48.0,0.0,306.1,27.541304347826088,6.0,5.5,5.0,78.0,,,,,3.34,0.41,0.43,1706000.0,1847343.5166844432,63900.0,28.90991418911492,2,3000,5,2,-0.9096319953545186,0.415415013001886,14.9,0.0,14.9,26.7,0.0,26.7,6.8,0.0,6.8,21.363012321971425,5.174296068844173,32.9357811100735,5.378392544199577,6.618321934447647,1.218322214725463,8.263849639422844,7.06356164383562,1.5439999999999998,False,False,False,False,False,False,True,False,False,False,False,False,False,False,False,False,False,False,False,False,False,,,,,,,,4.8,4.0,76.8,8.8,EDSM_2021,39.4,7.2,15.0,73.5,71.2,73.5,40.8,12.4,43.6,58.6,0.6,48.5,1463.6,,,,,,54.4,,-0.64,,2184.0,1709.0,0.28,1.67,1.6,0.3,,,232026.0,126200.0,18386.0,2439642.0,306295.0,79650.0,86.46686673995505,4391386,155.6414375821142,1871.484981702268,0
2022,Atsimo-Andrefana,14.9,26.7,6.8,30.48164383561644,38.0,22.31287671232877,15.0,3189.3,173.6,75.3309589041096,67.0,24.39013698630137,1016.3123287671232,23.10678082191781,6.642191780821918,18960.8,10.389479452054792,622.0,45.0,2707.7,67.0,6.0,207.6,29.22934782608696,3.8,10.6,5.5,77.5,,,,,3.65,,,1706000.0,1896082.6603687336,63900.0,29.672655091842465,4,0,0,4,-0.5406408174555974,0.8412535328311812,14.9,0.0,14.9,26.7,0.0,26.7,6.8,0.0,6.8,21.363012321971425,5.174296068844173,32.9357811100735,5.378392544199577,6.618321934447647,1.218322214725463,9.557471493937992,8.168767123287672,3.001,False,False,False,False,False,False,True,False,False,False,False,False,False,False,False,False,False,False,False,False,False,,,,,,,,4.8,4.0,76.8,8.8,EDSM_2021,38.6,7.2,,73.5,71.2,73.7090909090909,40.8,12.4,43.6,58.6,0.6,48.5,,,,,,,,,,,2187.0,1711.0,0.3,1.67,1.6,,,,,,,,,,,4200000,145.03182270084608,1390.716108090305,0
2012,Atsinanana,34.57575929908026,44.609222096480416,11.917488963774048,26.1448087431694,32.0,22.386612021857925,16.0,11949.8,205.3,84.78142076502732,76.0,17.59153005464481,1017.6243169398908,36.78790983606557,5.894808743169399,15386.6,10.509972677595629,1278.0,0.0,7617.2,76.0,6.0,3203.2,24.502717391304348,3.1,6.1,5.4,71.5,,66900.0,1.54,20.2,,,,1576000.0,1338387.3228706385,19300.0,69.34649341298645,2,0,0,1,0.0,1.0,,,34.57575929908026,,,44.609222096480416,,,11.917488963774048,27.76831987256005,3.366018244497859,42.73804038117826,4.112351398540452,7.566816175231645,2.7398779001286275,2.187886721381897,3.7581967213114735,1.228,False,False,False,False,False,False,False,True,False,False,False,False,False,False,False,False,False,False,False,False,False,3502.0987811488167,2090.852667066967,,,,,,7.8,2.8,80.19,8.3,ENSOMD_2012,47.3,7.5,21.0,48.7,45.2,45.83636363636364,55.8,22.4,68.5,76.2,1.2,68.2,1497.0,46.2,9.1,15.5,7.7,37.5,41.9,19.5,-0.54,4.6,2133.0,1675.0,0.28,1.69,1.7,0.3,0.2,0.1,447948.0,269997.0,16591.0,3621309.0,475658.0,76133.0,163.65611496037585,4550649,205.65534062084168,2689.4341811220474,0
2013,Atsinanana,34.57575929908026,44.609222096480416,11.917488963774048,26.0986301369863,34.0,22.231506849315068,16.0,8438.0,144.5,84.76301369863013,62.0,18.04520547945205,1018.1602739726028,36.75565068493151,5.917808219178082,15264.2,10.454931506849316,1248.0,0.0,5204.6,62.0,2.0,2777.4,24.097826086956523,2.3,5.5,1.3,72.0,,63750.0,1.78,34.5,,,,1576000.0,1376268.4747828736,19300.0,71.30924739807635,3,0,0,2,0.5406408174555976,0.8412535328311812,34.57575929908026,0.0,34.57575929908026,44.609222096480416,0.0,44.609222096480416,11.917488963774048,0.0,11.917488963774048,27.76831987256005,3.366018244497859,42.73804038117826,4.112351398540452,7.566816175231645,2.7398779001286275,3.092987691038908,3.867123287671234,1.886,False,False,False,False,False,False,False,True,False,False,False,False,False,False,False,False,False,False,False,False,False,3222.9938264013444,1869.6956328105864,-7.96964826491603,,,,,7.8,2.8,80.19,8.3,ENSOMD_2012,46.5,,24.0,48.7,45.2,46.154545454545456,55.8,22.4,68.5,76.2,1.2,68.2,1491.1,47.1,9.5,16.1,8.1,37.4,,19.4,-0.66,3.9,2137.0,1678.0,0.28,1.67,1.7,,0.2,0.1,380848.0,229684.0,16581.0,3114578.0,401316.0,77609.0,136.8814248515654,3610626,158.68205306982463,2121.6368917997006,0
2014,Atsinanana,26.3,46.1,5.0,26.44109589041096,32.0,22.57397260273973,16.0,6976.2,106.4,84.42054794520548,42.0,18.14383561643836,1018.2260273972604,36.16438356164384,5.949315068493151,15343.6,10.509315068493152,1240.0,0.0,3580.4,35.0,0.0,2892.2,24.60054347826087,3.3,7.2,1.5,72.5,,49223.0,1.55,16.8,,,,1576000.0,1415350.297120219,19300.0,73.33421228602171,4,45000,68,3,0.9096319953545184,0.4154150130018864,34.57575929908026,-8.27575929908026,31.817172866053507,44.609222096480416,1.4907779035195858,45.10614806432028,11.917488963774048,-6.917488963774048,9.6116593091827,27.76831987256005,3.366018244497859,42.73804038117826,4.112351398540452,7.566816175231645,2.7398779001286275,3.7901860454704512,3.867123287671234,2.5050000000000003,False,False,False,False,False,False,False,True,False,False,False,False,False,False,False,False,False,False,False,False,False,3247.217788854804,1845.951058261545,0.7515981648809733,,,,,7.8,2.8,80.19,8.3,MICS_2018,45.7,,35.0,48.7,45.2,46.47272727272728,55.8,22.4,68.5,76.2,1.2,68.2,1500.9,48.0,9.9,16.7,8.4,37.4,,19.4,-0.56,10.5,2142.0,1681.0,0.28,1.67,1.7,,0.2,0.1,366172.0,217542.0,16832.0,2929743.0,376323.0,77852.0,125.20280318296454,3977863,169.99429584021428,2178.91649461231,0
2015,Atsinanana,26.3,46.1,5.0,26.10410958904109,33.0,22.476712328767125,16.0,11088.8,258.9,84.22739726027397,43.0,17.938356164383563,1018.3958904109588,45.85736301369863,5.757534246575342,14762.2,10.111095890410958,1298.0,0.0,7071.8,43.0,0.0,3531.4,24.345108695652176,3.3,8.2,1.8,73.0,,47507.0,2.71,53.6,,,,1576000.0,1455392.6557976536,19300.0,75.40894589625148,3,0,0,1,0.9898214418809328,-0.142314838273285,26.3,0.0,29.05858643302675,46.1,0.0,45.603074032160144,5.0,0.0,7.305829654591349,27.76831987256005,3.366018244497859,42.73804038117826,4.112351398540452,7.566816175231645,2.7398779001286275,2.354096889567951,3.6273972602739697,1.4289999999999998,False,False,False,False,False,False,False,True,False,False,False,False,False,False,False,False,False,False,False,False,False,3155.481221746184,1718.2949329657465,-2.8250820571222857,,,,,7.8,2.8,80.19,8.3,MICS_2018,45.0,,52.0,48.7,45.2,46.79090909090909,55.8,22.4,68.5,76.2,1.2,68.2,1508.4,48.9,10.3,17.3,8.7,37.4,,19.3,-0.43,11.0,2147.0,1684.0,0.28,1.67,1.7,,0.2,0.1,329367.0,192137.0,17142.0,2676952.0,346550.0,77246.0,111.25226780008892,3722304,154.69637163510671,1971.071038912372,0
2016,Atsinanana,26.3,46.1,5.0,25.87158469945356,32.0,22.233606557377048,16.0,9240.6,143.7,83.95628415300547,37.0,18.161202185792348,1019.2144808743168,45.28107923497268,5.736338797814208,14791.5,10.103483606557376,1316.0,0.0,5228.4,33.0,0.0,3569.4,23.66576086956522,4.2,6.9,2.0,74.0,,53093.0,2.72,57.1,,,,1576000.0,1494474.4781349993,19300.0,77.43391078419685,3,10000,15,3,0.7557495743542583,-0.654860733945285,26.3,0.0,26.3,46.1,0.0,46.1,5.0,0.0,5.0,27.76831987256005,3.366018244497859,42.73804038117826,4.112351398540452,7.566816175231645,2.7398779001286275,2.799773250595584,3.6379781420765056,2.1990000000000003,False,False,False,False,False,False,False,True,False,False,False,False,False,False,False,False,False,False,False,False,False,3184.2017671732337,1616.7507251586012,0.910179570365388,,,,,7.8,2.8,80.19,8.3,MICS_2018,44.2,,69.0,48.7,45.2,47.10909090909091,55.8,22.4,68.5,76.2,1.2,68.2,1528.6,49.8,10.7,17.9,9.1,37.5,,19.2,-0.29,11.2,2151.0,1687.0,0.28,1.67,1.7,,0.2,,316331.0,182758.0,17309.0,2629478.0,342723.0,76723.0,106.42153195622512,3815849,154.4369248549065,1947.4073647181729,0
2017,Atsinanana,26.3,46.1,5.0,26.565753424657533,32.0,22.656164383561645,17.0,12527.2,252.2,84.52054794520548,66.0,18.019178082191782,1018.5589041095892,40.04041095890411,5.750684931506849,15282.3,10.467328767123288,1348.0,0.0,6955.4,66.0,2.0,4430.2,24.845108695652176,4.1,8.4,2.5,75.0,,59602.0,3.19,58.7,3.08,,,1576000.0,1535057.138503733,19300.0,79.53663930071156,3,83000,80,4,0.2817325568414296,-0.9594929736144974,26.3,0.0,26.3,46.1,0.0,46.1,5.0,0.0,5.0,27.76831987256005,3.366018244497859,42.73804038117826,4.112351398540452,7.566816175231645,2.7398779001286275,2.120645748823163,3.909589041095888,2.698,False,False,False,False,False,False,False,True,False,False,False,False,False,False,False,False,False,False,False,False,False,3207.061056780647,1661.9746049336782,0.71789702031686,,,,,7.8,2.8,80.19,8.3,MICS_2018,43.4,,59.0,48.7,45.2,47.42727272727273,55.8,22.4,68.5,76.2,1.2,68.2,1548.2,50.7,11.1,18.5,9.4,37.5,,19.0,-0.3,10.1,2155.0,1690.0,0.28,1.67,1.7,,0.2,,281487.0,161716.0,17406.0,2522722.0,328799.0,76725.0,99.40158663107492,3600500,141.86874838574573,1796.1182409858354,0
2018,Atsinanana,26.3,46.1,5.0,26.36712328767124,32.0,22.45890410958904,17.0,12908.4,344.7,84.72054794520548,81.0,17.912328767123288,1018.2602739726028,38.165239726027394,5.773972602739726,15325.7,10.497054794520547,1344.0,0.0,7789.8,81.0,8.0,4135.2,24.71467391304348,4.6,8.6,4.2,75.3,37200.0,60114.0,5.59,93.6,3.18,,,1576000.0,1576000.0,19300.0,81.65803108808291,2,0,0,2,-0.2817325568414294,-0.9594929736144976,26.3,0.0,26.3,46.1,0.0,46.1,5.0,0.0,5.0,27.76831987256005,3.366018244497859,42.73804038117826,4.112351398540452,7.566816175231645,2.7398779001286275,2.0426329589779706,3.908219178082192,1.6429999999999998,False,False,False,False,False,False,False,True,False,False,False,False,False,False,False,False,False,False,False,False,False,3309.0533149764565,1665.830970966667,3.1802406125124527,,,,,7.8,2.8,80.19,8.3,MICS_2018,42.4,6.4,25.0,48.7,45.2,47.74545454545455,55.8,22.4,68.5,76.2,1.2,68.2,1557.3,51.6,11.5,19.2,9.7,37.7,50.6,18.9,-0.58,2.5,2159.0,1692.0,0.28,1.67,1.7,0.3,0.2,0.1,215000.0,122963.0,17485.0,2500000.0,319450.0,78260.0,95.9471906662573,4030000,154.66687135400676,1903.6974104247545,0
2019,Atsinanana,26.2,37.6,8.6,26.734246575342464,33.0,22.947945205479453,16.0,12165.8,76.5,84.68082191780822,35.0,15.475342465753425,1018.1712328767125,38.81044520547945,5.823287671232877,15307.6,10.484657534246576,1316.0,0.0,5709.0,31.0,0.0,5177.8,24.532608695652176,5.0,6.3,4.0,75.2,40000.0,65760.0,11.2,92.5,3.21,,,1576000.0,1619224.1353039767,19300.0,83.89762359087962,2,0,0,1,-0.7557495743542582,-0.6548607339452852,26.3,-0.1000000000000014,26.26666666666667,46.1,-8.5,43.26666666666667,5.0,3.6,6.2,27.76831987256005,3.366018244497859,42.73804038117826,4.112351398540452,7.566816175231645,2.7398779001286275,2.197491868627009,3.7863013698630112,1.093,False,False,False,False,False,False,False,True,False,False,False,False,False,False,False,False,False,False,False,False,False,3560.435825605637,1745.795143860416,7.596810528601883,,,,,7.8,2.8,80.19,8.3,EDSM_2021,41.4,,20.0,48.7,45.2,48.06363636363637,55.8,22.4,68.5,76.2,1.2,68.2,1585.5,52.5,11.9,19.9,10.1,37.8,,18.8,-0.32,3.0,2163.0,1695.0,0.28,1.67,1.7,,0.2,0.1,219220.0,126258.0,17363.0,2913862.0,369977.0,78758.0,108.84550003093987,3910629,146.0791104522089,1877.889552417082,0
2020,Atsinanana,26.2,37.6,8.6,25.97814207650273,32.0,21.540983606557376,15.0,12342.6,228.7,87.35245901639344,32.0,15.693989071038253,1018.4098360655738,59.11834016393443,5.5710382513661205,12517.3,8.550068306010928,1356.0,0.0,7248.6,32.0,0.0,3820.6,24.24184782608696,5.5,7.2,4.5,77.4,,,0.98,102.5,3.2,,,1576000.0,1662388.237086698,19300.0,86.13410554853357,3,0,0,2,-0.9898214418809328,-0.1423148382732852,26.2,0.0,26.23333333333333,37.6,0.0,40.43333333333334,8.6,0.0,7.399999999999999,27.76831987256005,3.366018244497859,42.73804038117826,4.112351398540452,7.566816175231645,2.7398779001286275,2.104754433952549,4.437158469945356,1.796,False,False,False,False,False,False,False,True,False,False,False,False,False,False,False,False,False,False,False,False,False,3583.02095770052,1996.883604241949,0.6343361656024449,,,,,7.8,2.8,80.19,8.3,EDSM_2021,40.4,,22.0,48.7,45.2,48.38181818181818,55.8,22.4,68.5,76.2,1.2,68.2,1436.2,53.4,12.3,20.5,10.4,,,18.7,-0.53,4.2,2167.0,1697.0,0.28,1.67,1.6,,0.2,0.1,224883.0,127026.0,17704.0,2599679.0,328226.0,79204.0,94.58793328879533,4227927,153.830867974814,1889.7225511614288,0
2021,Atsinanana,26.2,37.6,8.6,27.078082191780823,36.0,21.72465753424657,15.0,10087.4,83.7,86.87808219178082,31.0,15.343835616438357,1018.3041095890412,57.87140410958904,5.663013698630137,12806.1,8.771301369863014,1350.0,2.0,4505.0,28.0,0.0,4267.4,24.918478260869566,6.0,5.5,5.0,78.0,,,,,3.34,0.41,0.43,1576000.0,1706572.9087307637,19300.0,88.4234667736147,2,3000,5,2,-0.9096319953545186,0.415415013001886,26.2,0.0,26.2,37.6,0.0,37.6,8.6,0.0,8.6,27.76831987256005,3.366018244497859,42.73804038117826,4.112351398540452,7.566816175231645,2.7398779001286275,2.6843470261693625,5.353424657534248,1.484,False,False,False,False,False,False,False,True,False,False,False,False,False,False,False,False,False,False,False,False,False,,,,,,,,7.8,2.8,80.19,8.3,EDSM_2021,39.4,7.2,15.0,48.7,45.2,48.7,55.8,22.4,68.5,76.2,1.2,68.2,1463.6,,,,,,54.4,,-0.64,,2184.0,1709.0,0.28,1.67,1.6,0.3,,,232026.0,126200.0,18386.0,2439642.0,306295.0,79650.0,86.46686673995505,4391386,155.6414375821142,1871.484981702268,0
2022,Atsinanana,26.2,37.6,8.6,27.117808219178084,37.0,21.33013698630137,16.0,11311.0,359.8,86.31643835616438,61.0,15.98082191780822,1018.1082191780822,58.148972602739725,5.657534246575342,12723.2,8.714520547945206,1314.0,4.0,6391.4,61.0,2.0,3669.0,25.11141304347826,3.8,10.6,5.5,77.5,,,,,3.65,,,1576000.0,1751598.049672406,19300.0,90.7563756306946,4,0,0,4,-0.5406408174555974,0.8412535328311812,26.2,0.0,26.2,37.6,0.0,37.6,8.6,0.0,8.6,27.76831987256005,3.366018244497859,42.73804038117826,4.112351398540452,7.566816175231645,2.7398779001286275,2.397472214585632,5.787671232876715,2.983,False,False,False,False,False,False,False,True,False,False,False,False,False,False,False,False,False,False,False,False,False,,,,,,,,7.8,2.8,80.19,8.3,EDSM_2021,38.6,7.2,,48.7,45.2,49.018181818181816,55.8,22.4,68.5,76.2,1.2,68.2,,,,,,,,,,,2187.0,1711.0,0.3,1.67,1.6,,,,,,,,,,,4200000,145.03182270084608,1390.716108090305,0
2012,Betsiboka,32.59780459152147,43.22626600824619,9.272439819485893,29.453551912568305,33.0,22.8551912568306,18.0,2364.5,104.8,79.50273224043715,43.0,19.39890710382513,1014.2950819672132,19.979508196721312,6.382513661202186,3923.3,10.719398907103823,216.0,0.0,2048.5,43.0,0.0,96.4,28.96195652173913,3.1,6.1,5.4,71.5,,66900.0,1.54,20.2,,,,402000.0,341390.6749961908,30200.0,11.304326986628835,2,0,0,1,0.0,1.0,,,32.59780459152147,,,43.22626600824619,,,9.272439819485893,25.93596447118572,5.408391117673979,33.39568472877204,5.5310107800690975,9.43135269445198,1.8401557079052355,12.456566679030791,6.598360655737704,1.129,False,False,False,False,False,False,False,False,True,False,False,False,False,False,False,False,False,False,False,False,False,3502.0987811488167,2090.852667066967,,,,,,4.2,0.1,83.92,21.5,ENSOMD_2012,47.3,7.5,21.0,83.4,82.5,82.66363636363637,28.7,5.3,32.8,48.2,0.4,35.6,1497.0,46.2,9.1,15.5,7.7,37.5,41.9,19.5,-0.54,4.6,2133.0,1675.0,0.28,1.69,1.7,0.3,0.2,0.1,447948.0,269997.0,16591.0,3621309.0,475658.0,76133.0,163.65611496037585,4550649,205.65534062084168,2689.4341811220474,0
2013,Betsiboka,32.59780459152147,43.22626600824619,9.272439819485893,29.797260273972604,33.0,22.975342465753425,17.0,1820.1,134.0,79.0054794520548,33.0,18.75068493150685,1014.917808219178,18.360958904109587,6.323287671232877,3940.3,10.795342465753423,209.0,0.0,1606.6,32.0,0.0,96.4,29.13586956521739,2.3,5.5,1.3,72.0,,63750.0,1.78,34.5,,,,402000.0,351053.2530854792,30200.0,11.624279903492688,3,0,0,2,0.5406408174555976,0.8412535328311812,32.59780459152147,0.0,32.59780459152147,43.22626600824619,0.0,43.22626600824619,9.272439819485893,0.0,9.272439819485893,25.93596447118572,5.408391117673979,33.39568472877204,5.5310107800690975,9.43135269445198,1.8401557079052355,16.371221511989784,6.82191780821918,1.796,False,False,False,False,False,False,False,False,True,False,False,False,False,False,False,False,False,False,False,False,False,3222.9938264013444,1869.6956328105864,-7.96964826491603,,,,,4.2,0.1,83.92,21.5,ENSOMD_2012,46.5,,24.0,83.4,82.5,82.74545454545455,28.7,5.3,32.8,48.2,0.4,35.6,1491.1,47.1,9.5,16.1,8.1,37.4,,19.4,-0.66,3.9,2137.0,1678.0,0.28,1.67,1.7,,0.2,0.1,380848.0,229684.0,16581.0,3114578.0,401316.0,77609.0,136.8814248515654,3610626,158.68205306982463,2121.6368917997006,0
2014,Betsiboka,28.5,33.7,11.2,29.775342465753425,34.0,23.03013698630137,17.0,1444.0,199.7,78.55068493150685,52.0,19.77260273972603,1015.0657534246576,20.34554794520548,6.468493150684932,3897.5,10.678082191780822,189.0,0.0,1332.1,52.0,1.0,58.7,29.33152173913044,3.3,7.2,1.5,72.5,,49223.0,1.55,16.8,,,,402000.0,361022.0935547768,30200.0,11.954373958767444,4,45000,68,3,0.9096319953545184,0.4154150130018864,32.59780459152147,-4.0978045915214665,31.231869727680976,43.22626600824619,-9.52626600824619,40.05084400549746,9.272439819485893,1.9275601805141085,9.91495987965726,25.93596447118572,5.408391117673979,33.39568472877204,5.5310107800690975,9.43135269445198,1.8401557079052355,20.620043258832013,6.745205479452057,2.5560000000000005,False,False,False,False,False,False,False,False,True,False,False,False,False,False,False,False,False,False,False,False,False,3247.217788854804,1845.951058261545,0.7515981648809733,,,,,4.2,0.1,83.92,21.5,MICS_2018,45.7,,35.0,83.4,82.5,82.82727272727273,28.7,5.3,32.8,48.2,0.4,35.6,1500.9,48.0,9.9,16.7,8.4,37.4,,19.4,-0.56,10.5,2142.0,1681.0,0.28,1.67,1.7,,0.2,0.1,366172.0,217542.0,16832.0,2929743.0,376323.0,77852.0,125.20280318296454,3977863,169.99429584021428,2178.91649461231,0
2015,Betsiboka,28.5,33.7,11.2,30.676712328767124,34.0,23.528767123287672,18.0,1461.3,77.3,75.25753424657535,38.0,18.32876712328768,1015.1561643835616,23.577397260273973,6.526027397260274,3887.5,10.650684931506849,233.0,0.0,1356.3,38.0,0.0,77.5,30.657608695652176,3.3,8.2,1.8,73.0,,47507.0,2.71,53.6,,,,402000.0,371235.94392808166,30200.0,12.292580924770917,3,0,0,1,0.9898214418809328,-0.142314838273285,28.5,0.0,29.86593486384049,33.7,0.0,36.87542200274873,11.2,0.0,10.55747993982863,25.93596447118572,5.408391117673979,33.39568472877204,5.5310107800690975,9.43135269445198,1.8401557079052355,20.992754621752635,7.147945205479452,1.4139999999999997,False,False,False,False,False,False,False,False,True,False,False,False,False,False,False,False,False,False,False,False,False,3155.481221746184,1718.2949329657465,-2.8250820571222857,,,,,4.2,0.1,83.92,21.5,MICS_2018,45.0,,52.0,83.4,82.5,82.9090909090909,28.7,5.3,32.8,48.2,0.4,35.6,1508.4,48.9,10.3,17.3,8.7,37.4,,19.3,-0.43,11.0,2147.0,1684.0,0.28,1.67,1.7,,0.2,0.1,329367.0,192137.0,17142.0,2676952.0,346550.0,77246.0,111.25226780008892,3722304,154.69637163510671,1971.071038912372,0
2016,Betsiboka,28.5,33.7,11.2,30.37158469945356,34.0,23.098360655737704,17.0,1847.9,258.5,75.24590163934427,36.0,18.30327868852459,1015.8524590163936,21.5099043715847,6.439890710382514,3943.3,10.774043715846991,244.0,0.0,1695.0,36.0,0.0,83.8,29.75,4.2,6.9,2.0,74.0,,53093.0,2.72,57.1,,,,402000.0,381204.7843973792,30200.0,12.62267498004567,3,10000,15,3,0.7557495743542583,-0.654860733945285,28.5,0.0,28.5,33.7,0.0,33.7,11.2,0.0,11.2,25.93596447118572,5.408391117673979,33.39568472877204,5.5310107800690975,9.43135269445198,1.8401557079052355,16.435729584638537,7.2732240437158495,2.208,False,False,False,False,False,False,False,False,True,False,False,False,False,False,False,False,False,False,False,False,False,3184.2017671732337,1616.7507251586012,0.910179570365388,,,,,4.2,0.1,83.92,21.5,MICS_2018,44.2,,69.0,83.4,82.5,82.9909090909091,28.7,5.3,32.8,48.2,0.4,35.6,1528.6,49.8,10.7,17.9,9.1,37.5,,19.2,-0.29,11.2,2151.0,1687.0,0.28,1.67,1.7,,0.2,,316331.0,182758.0,17309.0,2629478.0,342723.0,76723.0,106.42153195622512,3815849,154.4369248549065,1947.4073647181729,0
2017,Betsiboka,28.5,33.7,11.2,31.08219178082192,35.0,23.84109589041096,19.0,1722.1,46.6,74.28767123287672,34.0,17.235616438356164,1015.0575342465752,20.279794520547945,6.542465753424658,3936.9,10.786027397260272,255.0,0.0,1492.9,34.0,0.0,163.9,30.98369565217392,4.1,8.4,2.5,75.0,,59602.0,3.19,58.7,3.08,,,402000.0,391556.4528416882,30200.0,12.965445458334043,3,83000,80,4,0.2817325568414296,-0.9594929736144974,28.5,0.0,28.5,33.7,0.0,33.7,11.2,0.0,11.2,25.93596447118572,5.408391117673979,33.39568472877204,5.5310107800690975,9.43135269445198,1.8401557079052355,18.049005156972253,7.241095890410961,2.602,False,False,False,False,False,False,False,False,True,False,False,False,False,False,False,False,False,False,False,False,False,3207.061056780647,1661.9746049336782,0.71789702031686,,,,,4.2,0.1,83.92,21.5,MICS_2018,43.4,,59.0,83.4,82.5,83.07272727272728,28.7,5.3,32.8,48.2,0.4,35.6,1548.2,50.7,11.1,18.5,9.4,37.5,,19.0,-0.3,10.1,2155.0,1690.0,0.28,1.67,1.7,,0.2,,281487.0,161716.0,17406.0,2522722.0,328799.0,76725.0,99.40158663107492,3600500,141.86874838574573,1796.1182409858354,0
2018,Betsiboka,28.5,33.7,11.2,31.22465753424657,35.0,23.61917808219178,19.0,2061.5,101.9,73.75068493150685,32.0,17.438356164383563,1014.8712328767124,20.36130136986301,6.586301369863014,3938.3,10.78986301369863,235.0,0.0,1890.0,31.0,0.0,67.8,31.282608695652176,4.6,8.6,4.2,75.3,40000.0,60114.0,5.59,93.6,3.18,,,402000.0,402000.0,30200.0,13.311258278145695,2,0,0,2,-0.2817325568414294,-0.9594929736144976,28.5,0.0,28.5,33.7,0.0,33.7,11.2,0.0,11.2,25.93596447118572,5.408391117673979,33.39568472877204,5.5310107800690975,9.43135269445198,1.8401557079052355,15.14657168772572,7.605479452054794,1.493,False,False,False,False,False,False,False,False,True,False,False,False,False,False,False,False,False,False,False,False,False,3309.0533149764565,1665.830970966667,3.1802406125124527,,,,,4.2,0.1,83.92,21.5,MICS_2018,42.4,6.4,25.0,83.4,82.5,83.15454545454546,28.7,5.3,32.8,48.2,0.4,35.6,1557.3,51.6,11.5,19.2,9.7,37.7,50.6,18.9,-0.58,2.5,2159.0,1692.0,0.28,1.67,1.7,0.3,0.2,0.1,215000.0,122963.0,17485.0,2500000.0,319450.0,78260.0,95.9471906662573,4030000,154.66687135400676,1903.6974104247545,0
2019,Betsiboka,19.4,28.1,7.3,30.613698630136987,35.0,23.83561643835617,18.0,2090.0,98.3,76.06575342465753,52.0,18.36986301369863,1014.7424657534248,22.476712328767125,6.441095890410959,3912.1,10.71808219178082,245.0,0.0,1837.4,52.0,1.0,97.4,30.13043478260869,5.0,6.3,4.0,75.2,59000.0,65760.0,11.2,92.5,3.21,,,402000.0,413025.4456803291,30200.0,13.67633926093805,2,0,0,1,-0.7557495743542582,-0.6548607339452852,28.5,-9.1,25.46666666666667,33.7,-5.600000000000001,31.83333333333333,11.2,-3.9,9.9,25.93596447118572,5.408391117673979,33.39568472877204,5.5310107800690975,9.43135269445198,1.8401557079052355,14.64770269384545,6.778082191780822,1.156,False,False,False,False,False,False,False,False,True,False,False,False,False,False,False,False,False,False,False,False,False,3560.435825605637,1745.795143860416,7.596810528601883,,,,,4.2,0.1,83.92,21.5,EDSM_2021,41.4,,20.0,83.4,82.5,83.23636363636365,28.7,5.3,32.8,48.2,0.4,35.6,1585.5,52.5,11.9,19.9,10.1,37.8,,18.8,-0.32,3.0,2163.0,1695.0,0.28,1.67,1.7,,0.2,0.1,219220.0,126258.0,17363.0,2913862.0,369977.0,78758.0,108.84550003093987,3910629,146.0791104522089,1877.889552417082,0
2020,Betsiboka,19.4,28.1,7.3,30.47814207650273,34.0,22.89344262295082,17.0,1599.0,108.8,74.1311475409836,40.0,18.84153005464481,1014.6065573770492,30.037909836065573,6.442622950819672,3740.9,10.22103825136612,198.0,0.0,1524.7,40.0,0.0,44.3,30.23913043478261,5.5,7.2,4.5,77.4,,,0.98,102.5,3.2,,,402000.0,424035.57824165776,30200.0,14.04091318680986,3,0,0,2,-0.9898214418809328,-0.1423148382732852,19.4,0.0,22.433333333333334,28.1,0.0,29.96666666666667,7.3,0.0,8.6,25.93596447118572,5.408391117673979,33.39568472877204,5.5310107800690975,9.43135269445198,1.8401557079052355,19.060751767669,7.584699453551913,1.82,False,False,False,False,False,False,False,False,True,False,False,False,False,False,False,False,False,False,False,False,False,3583.02095770052,1996.883604241949,0.6343361656024449,,,,,4.2,0.1,83.92,21.5,EDSM_2021,40.4,,22.0,83.4,82.5,83.31818181818183,28.7,5.3,32.8,48.2,0.4,35.6,1436.2,53.4,12.3,20.5,10.4,,,18.7,-0.53,4.2,2167.0,1697.0,0.28,1.67,1.6,,0.2,0.1,224883.0,127026.0,17704.0,2599679.0,328226.0,79204.0,94.58793328879533,4227927,153.830867974814,1889.7225511614288,0
2021,Betsiboka,19.4,28.1,7.3,31.12602739726028,37.0,22.86575342465753,18.0,1761.3,223.8,75.34520547945205,35.0,18.673972602739727,1015.3616438356164,31.21541095890411,6.476712328767123,3745.2,10.26082191780822,200.0,14.0,1670.2,31.0,0.0,49.5,31.18478260869565,6.0,5.5,5.0,78.0,,,,,3.34,0.41,0.43,402000.0,435306.03382599424,30200.0,14.414107080330934,2,3000,5,2,-0.9096319953545186,0.415415013001886,19.4,0.0,19.4,28.1,0.0,28.1,7.3,0.0,7.3,25.93596447118572,5.408391117673979,33.39568472877204,5.5310107800690975,9.43135269445198,1.8401557079052355,17.672189517549693,8.26027397260274,1.493,False,False,False,False,False,False,False,False,True,False,False,False,False,False,False,False,False,False,False,False,False,,,,,,,,4.2,0.1,83.92,21.5,EDSM_2021,39.4,7.2,15.0,83.4,82.5,83.4,28.7,5.3,32.8,48.2,0.4,35.6,1463.6,,,,,,54.4,,-0.64,,2184.0,1709.0,0.28,1.67,1.6,0.3,,,232026.0,126200.0,18386.0,2439642.0,306295.0,79650.0,86.46686673995505,4391386,155.6414375821142,1871.484981702268,0
2022,Betsiboka,19.4,28.1,7.3,31.46301369863014,36.0,22.216438356164385,17.0,1620.6,188.2,75.81369863013698,45.0,19.035616438356165,1015.3561643835616,31.235958904109587,6.517808219178082,3700.4,10.138082191780825,195.0,2.0,1547.6,45.0,0.0,50.2,32.10326086956522,3.8,10.6,5.5,77.5,,,,,3.65,,,402000.0,446790.873076337,30200.0,14.794399770739636,4,0,0,4,-0.5406408174555974,0.8412535328311812,19.4,0.0,19.4,28.1,0.0,28.1,7.3,0.0,7.3,25.93596447118572,5.408391117673979,33.39568472877204,5.5310107800690975,9.43135269445198,1.8401557079052355,19.414422867228275,9.246575342465754,2.935,False,False,False,False,False,False,False,False,True,False,False,False,False,False,False,False,False,False,False,False,False,,,,,,,,4.2,0.1,83.92,21.5,EDSM_2021,38.6,7.2,,83.4,82.5,83.4818181818182,28.7,5.3,32.8,48.2,0.4,35.6,,,,,,,,,,,2187.0,1711.0,0.3,1.67,1.6,,,,,,,,,,,4200000,145.03182270084608,1390.716108090305,0
2012,Boeny,27.607408638526707,36.39992519501839,12.624035380690255,29.453551912568305,33.0,22.8551912568306,18.0,2364.5,104.8,79.50273224043715,43.0,19.39890710382513,1014.2950819672132,19.979508196721312,6.382513661202186,3923.3,10.719398907103823,216.0,0.0,2048.5,43.0,0.0,96.4,28.96195652173913,3.1,6.1,5.4,71.5,,66900.0,1.54,20.2,,,,1830000.0,1554091.878714003,30100.0,51.63095942571438,2,0,0,1,0.0,1.0,,,27.607408638526707,,,36.39992519501839,,,12.624035380690255,25.874074297913943,3.821427677655512,32.72725912636698,3.204071148364072,10.849824614670956,1.868606505541536,12.456566679030791,6.598360655737704,1.129,False,False,False,False,False,False,False,False,False,True,False,False,False,False,False,False,False,False,False,False,False,3502.0987811488167,2090.852667066967,,,,,,3.1,1.6,79.93,6.4,ENSOMD_2012,47.3,7.5,21.0,56.3,52.7,53.35454545454545,52.1,21.8,62.7,71.3,1.1,63.5,1497.0,46.2,9.1,15.5,7.7,37.5,41.9,19.5,-0.54,4.6,2133.0,1675.0,0.28,1.69,1.7,0.3,0.2,0.1,447948.0,269997.0,16591.0,3621309.0,475658.0,76133.0,163.65611496037585,4550649,205.65534062084168,2689.4341811220474,0
2013,Boeny,27.607408638526707,36.39992519501839,12.624035380690255,29.797260273972604,33.0,22.975342465753425,17.0,1820.1,134.0,79.0054794520548,33.0,18.75068493150685,1014.917808219178,18.360958904109587,6.323287671232877,3940.3,10.795342465753423,209.0,0.0,1606.6,32.0,0.0,96.4,29.13586956521739,2.3,5.5,1.3,72.0,,63750.0,1.78,34.5,,,,1830000.0,1598078.2416577784,30100.0,53.092300387301606,3,0,0,2,0.5406408174555976,0.8412535328311812,27.607408638526707,0.0,27.607408638526707,36.39992519501839,0.0,36.39992519501839,12.624035380690255,0.0,12.624035380690255,25.874074297913943,3.821427677655512,32.72725912636698,3.204071148364072,10.849824614670956,1.868606505541536,16.371221511989784,6.82191780821918,1.796,False,False,False,False,False,False,False,False,False,True,False,False,False,False,False,False,False,False,False,False,False,3222.9938264013444,1869.6956328105864,-7.96964826491603,,,,,3.1,1.6,79.93,6.4,ENSOMD_2012,46.5,,24.0,56.3,52.7,53.68181818181818,52.1,21.8,62.7,71.3,1.1,63.5,1491.1,47.1,9.5,16.1,8.1,37.4,,19.4,-0.66,3.9,2137.0,1678.0,0.28,1.67,1.7,,0.2,0.1,380848.0,229684.0,16581.0,3114578.0,401316.0,77609.0,136.8814248515654,3610626,158.68205306982463,2121.6368917997006,0
2014,Boeny,29.0,34.4,8.9,29.775342465753425,34.0,23.03013698630137,17.0,1444.0,199.7,78.55068493150685,52.0,19.77260273972603,1015.0657534246576,20.34554794520548,6.468493150684932,3897.5,10.678082191780822,189.0,0.0,1332.1,52.0,1.0,58.7,29.33152173913044,3.3,7.2,1.5,72.5,,49223.0,1.55,16.8,,,,1830000.0,1643458.7840926405,30100.0,54.59995960440666,4,45000,68,3,0.9096319953545184,0.4154150130018864,27.607408638526707,1.3925913614732934,28.071605759017803,36.39992519501839,-1.999925195018392,35.73328346334559,12.624035380690255,-3.724035380690255,11.382690253793504,25.874074297913943,3.821427677655512,32.72725912636698,3.204071148364072,10.849824614670956,1.868606505541536,20.620043258832013,6.745205479452057,2.5560000000000005,False,False,False,False,False,False,False,False,False,True,False,False,False,False,False,False,False,False,False,False,False,3247.217788854804,1845.951058261545,0.7515981648809733,,,,,3.1,1.6,79.93,6.4,MICS_2018,45.7,,35.0,56.3,52.7,54.00909090909092,52.1,21.8,62.7,71.3,1.1,63.5,1500.9,48.0,9.9,16.7,8.4,37.4,,19.4,-0.56,10.5,2142.0,1681.0,0.28,1.67,1.7,,0.2,0.1,366172.0,217542.0,16832.0,2929743.0,376323.0,77852.0,125.20280318296454,3977863,169.99429584021428,2178.91649461231,0
2015,Boeny,29.0,34.4,8.9,30.676712328767124,34.0,23.528767123287672,18.0,1461.3,77.3,75.25753424657535,38.0,18.32876712328768,1015.1561643835616,23.577397260273973,6.526027397260274,3887.5,10.650684931506849,233.0,0.0,1356.3,38.0,0.0,77.5,30.657608695652176,3.3,8.2,1.8,73.0,,47507.0,2.71,53.6,,,,1830000.0,1689954.670120372,30100.0,56.14467342592598,3,0,0,1,0.9898214418809328,-0.142314838273285,29.0,0.0,28.535802879508903,34.4,0.0,35.0666417316728,8.9,0.0,10.141345126896752,25.874074297913943,3.821427677655512,32.72725912636698,3.204071148364072,10.849824614670956,1.868606505541536,20.992754621752635,7.147945205479452,1.4139999999999997,False,False,False,False,False,False,False,False,False,True,False,False,False,False,False,False,False,False,False,False,False,3155.481221746184,1718.2949329657465,-2.8250820571222857,,,,,3.1,1.6,79.93,6.4,MICS_2018,45.0,,52.0,56.3,52.7,54.33636363636364,52.1,21.8,62.7,71.3,1.1,63.5,1508.4,48.9,10.3,17.3,8.7,37.4,,19.3,-0.43,11.0,2147.0,1684.0,0.28,1.67,1.7,,0.2,0.1,329367.0,192137.0,17142.0,2676952.0,346550.0,77246.0,111.25226780008892,3722304,154.69637163510671,1971.071038912372,0
2016,Boeny,29.0,34.4,8.9,30.37158469945356,34.0,23.098360655737704,17.0,1847.9,258.5,75.24590163934427,36.0,18.30327868852459,1015.8524590163936,21.5099043715847,6.439890710382514,3943.3,10.774043715846991,244.0,0.0,1695.0,36.0,0.0,83.8,29.75,4.2,6.9,2.0,74.0,,53093.0,2.72,57.1,,,,1830000.0,1735335.212555234,30100.0,57.65233264303103,3,10000,15,3,0.7557495743542583,-0.654860733945285,29.0,0.0,29.0,34.4,0.0,34.4,8.9,0.0,8.9,25.874074297913943,3.821427677655512,32.72725912636698,3.204071148364072,10.849824614670956,1.868606505541536,16.435729584638537,7.2732240437158495,2.208,False,False,False,False,False,False,False,False,False,True,False,False,False,False,False,False,False,False,False,False,False,3184.2017671732337,1616.7507251586012,0.910179570365388,,,,,3.1,1.6,79.93,6.4,MICS_2018,44.2,,69.0,56.3,52.7,54.66363636363636,52.1,21.8,62.7,71.3,1.1,63.5,1528.6,49.8,10.7,17.9,9.1,37.5,,19.2,-0.29,11.2,2151.0,1687.0,0.28,1.67,1.7,,0.2,,316331.0,182758.0,17309.0,2629478.0,342723.0,76723.0,106.42153195622512,3815849,154.4369248549065,1947.4073647181729,0
2017,Boeny,29.0,34.4,8.9,31.08219178082192,35.0,23.84109589041096,19.0,1722.1,46.6,74.28767123287672,34.0,17.235616438356164,1015.0575342465752,20.279794520547945,6.542465753424658,3936.9,10.786027397260272,255.0,0.0,1492.9,34.0,0.0,163.9,30.98369565217392,4.1,8.4,2.5,75.0,,59602.0,3.19,58.7,3.08,,,1830000.0,1782458.479353954,30100.0,59.21788967953336,3,83000,80,4,0.2817325568414296,-0.9594929736144974,29.0,0.0,29.0,34.4,0.0,34.4,8.9,0.0,8.9,25.874074297913943,3.821427677655512,32.72725912636698,3.204071148364072,10.849824614670956,1.868606505541536,18.049005156972253,7.241095890410961,2.602,False,False,False,False,False,False,False,False,False,True,False,False,False,False,False,False,False,False,False,False,False,3207.061056780647,1661.9746049336782,0.71789702031686,,,,,3.1,1.6,79.93,6.4,MICS_2018,43.4,,59.0,56.3,52.7,54.99090909090909,52.1,21.8,62.7,71.3,1.1,63.5,1548.2,50.7,11.1,18.5,9.4,37.5,,19.0,-0.3,10.1,2155.0,1690.0,0.28,1.67,1.7,,0.2,,281487.0,161716.0,17406.0,2522722.0,328799.0,76725.0,99.40158663107492,3600500,141.86874838574573,1796.1182409858354,0
2018,Boeny,29.0,34.4,8.9,31.22465753424657,35.0,23.61917808219178,19.0,2061.5,101.9,73.75068493150685,32.0,17.438356164383563,1014.8712328767124,20.36130136986301,6.586301369863014,3938.3,10.78986301369863,235.0,0.0,1890.0,31.0,0.0,67.8,31.282608695652176,4.6,8.6,4.2,75.3,142000.0,60114.0,5.59,93.6,3.18,,,1830000.0,1830000.0,30100.0,60.79734219269103,2,0,0,2,-0.2817325568414294,-0.9594929736144976,29.0,0.0,29.0,34.4,0.0,34.4,8.9,0.0,8.9,25.874074297913943,3.821427677655512,32.72725912636698,3.204071148364072,10.849824614670956,1.868606505541536,15.14657168772572,7.605479452054794,1.493,False,False,False,False,False,False,False,False,False,True,False,False,False,False,False,False,False,False,False,False,False,3309.0533149764565,1665.830970966667,3.1802406125124527,,,,,3.1,1.6,79.93,6.4,MICS_2018,42.4,6.4,25.0,56.3,52.7,55.31818181818182,52.1,21.8,62.7,71.3,1.1,63.5,1557.3,51.6,11.5,19.2,9.7,37.7,50.6,18.9,-0.58,2.5,2159.0,1692.0,0.28,1.67,1.7,0.3,0.2,0.1,215000.0,122963.0,17485.0,2500000.0,319450.0,78260.0,95.9471906662573,4030000,154.66687135400676,1903.6974104247545,0
2019,Boeny,21.1,28.8,12.4,30.613698630136987,35.0,23.83561643835617,18.0,2090.0,98.3,76.06575342465753,52.0,18.36986301369863,1014.7424657534248,22.476712328767125,6.441095890410959,3912.1,10.71808219178082,245.0,0.0,1837.4,52.0,1.0,97.4,30.13043478260869,5.0,6.3,4.0,75.2,143500.0,65760.0,11.2,92.5,3.21,,,1830000.0,1880190.46167911,30100.0,62.46479939133256,2,0,0,1,-0.7557495743542582,-0.6548607339452852,29.0,-7.899999999999999,26.366666666666664,34.4,-5.599999999999998,32.53333333333333,8.9,3.5,10.066666666666668,25.874074297913943,3.821427677655512,32.72725912636698,3.204071148364072,10.849824614670956,1.868606505541536,14.64770269384545,6.778082191780822,1.156,False,False,False,False,False,False,False,False,False,True,False,False,False,False,False,False,False,False,False,False,False,3560.435825605637,1745.795143860416,7.596810528601883,,,,,3.1,1.6,79.93,6.4,EDSM_2021,41.4,,20.0,56.3,52.7,55.64545454545454,52.1,21.8,62.7,71.3,1.1,63.5,1585.5,52.5,11.9,19.9,10.1,37.8,,18.8,-0.32,3.0,2163.0,1695.0,0.28,1.67,1.7,,0.2,0.1,219220.0,126258.0,17363.0,2913862.0,369977.0,78758.0,108.84550003093987,3910629,146.0791104522089,1877.889552417082,0
2020,Boeny,21.1,28.8,12.4,30.47814207650273,34.0,22.89344262295082,17.0,1599.0,108.8,74.1311475409836,40.0,18.84153005464481,1014.6065573770492,30.037909836065573,6.442622950819672,3740.9,10.22103825136612,198.0,0.0,1524.7,40.0,0.0,44.3,30.23913043478261,5.5,7.2,4.5,77.4,,,0.98,102.5,3.2,,,1830000.0,1930311.214383666,30100.0,64.1299406771982,3,0,0,2,-0.9898214418809328,-0.1423148382732852,21.1,0.0,23.73333333333333,28.8,0.0,30.666666666666668,12.4,0.0,11.233333333333334,25.874074297913943,3.821427677655512,32.72725912636698,3.204071148364072,10.849824614670956,1.868606505541536,19.060751767669,7.584699453551913,1.82,False,False,False,False,False,False,False,False,False,True,False,False,False,False,False,False,False,False,False,False,False,3583.02095770052,1996.883604241949,0.6343361656024449,,,,,3.1,1.6,79.93,6.4,EDSM_2021,40.4,,22.0,56.3,52.7,55.97272727272727,52.1,21.8,62.7,71.3,1.1,63.5,1436.2,53.4,12.3,20.5,10.4,,,18.7,-0.53,4.2,2167.0,1697.0,0.28,1.67,1.6,,0.2,0.1,224883.0,127026.0,17704.0,2599679.0,328226.0,79204.0,94.58793328879533,4227927,153.830867974814,1889.7225511614288,0
2021,Boeny,21.1,28.8,12.4,31.12602739726028,37.0,22.86575342465753,18.0,1761.3,223.8,75.34520547945205,35.0,18.673972602739727,1015.3616438356164,31.21541095890411,6.476712328767123,3745.2,10.26082191780822,200.0,14.0,1670.2,31.0,0.0,49.5,31.18478260869565,6.0,5.5,5.0,78.0,,,,,3.34,0.41,0.43,1830000.0,1981617.019655645,30100.0,65.83445248025399,2,3000,5,2,-0.9096319953545186,0.415415013001886,21.1,0.0,21.1,28.8,0.0,28.8,12.4,0.0,12.4,25.874074297913943,3.821427677655512,32.72725912636698,3.204071148364072,10.849824614670956,1.868606505541536,17.672189517549693,8.26027397260274,1.493,False,False,False,False,False,False,False,False,False,True,False,False,False,False,False,False,False,False,False,False,False,,,,,,,,3.1,1.6,79.93,6.4,EDSM_2021,39.4,7.2,15.0,56.3,52.7,56.3,52.1,21.8,62.7,71.3,1.1,63.5,1463.6,,,,,,54.4,,-0.64,,2184.0,1709.0,0.28,1.67,1.6,0.3,,,232026.0,126200.0,18386.0,2439642.0,306295.0,79650.0,86.46686673995505,4391386,155.6414375821142,1871.484981702268,0
2022,Boeny,21.1,28.8,12.4,31.46301369863014,36.0,22.216438356164385,17.0,1620.6,188.2,75.81369863013698,45.0,19.035616438356165,1015.3561643835616,31.235958904109587,6.517808219178082,3700.4,10.138082191780825,195.0,2.0,1547.6,45.0,0.0,50.2,32.10326086956522,3.8,10.6,5.5,77.5,,,,,3.65,,,1830000.0,2033898.750571385,30100.0,67.57138706217226,4,0,0,4,-0.5406408174555974,0.8412535328311812,21.1,0.0,21.1,28.8,0.0,28.8,12.4,0.0,12.4,25.874074297913943,3.821427677655512,32.72725912636698,3.204071148364072,10.849824614670956,1.868606505541536,19.414422867228275,9.246575342465754,2.935,False,False,False,False,False,False,False,False,False,True,False,False,False,False,False,False,False,False,False,False,False,,,,,,,,3.1,1.6,79.93,6.4,EDSM_2021,38.6,7.2,,56.3,52.7,56.62727272727272,52.1,21.8,62.7,71.3,1.1,63.5,,,,,,,,,,,2187.0,1711.0,0.3,1.67,1.6,,,,,,,,,,,4200000,145.03182270084608,1390.716108090305,0
2012,Bongolava,30.969400035806657,51.41106026640499,7.457429649683746,29.453551912568305,33.0,22.8551912568306,18.0,2364.5,104.8,79.50273224043715,43.0,19.39890710382513,1014.2950819672132,19.979508196721312,6.382513661202186,3923.3,10.719398907103823,216.0,0.0,2048.5,43.0,0.0,96.4,28.96195652173913,3.1,6.1,5.4,71.5,,66900.0,1.54,20.2,,,,733000.0,622485.9820204176,27800.0,22.39158208706538,2,0,0,1,0.0,1.0,,,30.969400035806657,,,51.41106026640499,,,7.457429649683746,29.203527279237573,2.7804930518657707,46.70201095752818,7.220998083256548,7.274078118124317,0.1679811911016676,12.456566679030791,6.598360655737704,1.129,False,False,False,False,False,False,False,False,False,False,True,False,False,False,False,False,False,False,False,False,False,3502.0987811488167,2090.852667066967,,,,,,1.7,0.1,81.31,11.5,ENSOMD_2012,47.3,7.5,21.0,64.2,61.5,61.990909090909085,35.6,8.2,48.5,65.8,0.7,48.2,1497.0,46.2,9.1,15.5,7.7,37.5,41.9,19.5,-0.54,4.6,2133.0,1675.0,0.28,1.69,1.7,0.3,0.2,0.1,447948.0,269997.0,16591.0,3621309.0,475658.0,76133.0,163.65611496037585,4550649,205.65534062084168,2689.4341811220474,0
2013,Bongolava,30.969400035806657,51.41106026640499,7.457429649683746,29.797260273972604,33.0,22.975342465753425,17.0,1820.1,134.0,79.0054794520548,33.0,18.75068493150685,1014.917808219178,18.360958904109587,6.323287671232877,3940.3,10.795342465753423,209.0,0.0,1606.6,32.0,0.0,96.4,29.13586956521739,2.3,5.5,1.3,72.0,,63750.0,1.78,34.5,,,,733000.0,640104.5634618314,27800.0,23.0253440094184,3,0,0,2,0.5406408174555976,0.8412535328311812,30.969400035806657,0.0,30.969400035806657,51.41106026640499,0.0,51.41106026640499,7.457429649683746,0.0,7.457429649683746,29.203527279237573,2.7804930518657707,46.70201095752818,7.220998083256548,7.274078118124317,0.1679811911016676,16.371221511989784,6.82191780821918,1.796,False,False,False,False,False,False,False,False,False,False,True,False,False,False,False,False,False,False,False,False,False,3222.9938264013444,1869.6956328105864,-7.96964826491603,,,,,1.7,0.1,81.31,11.5,ENSOMD_2012,46.5,,24.0,64.2,61.5,62.23636363636364,35.6,8.2,48.5,65.8,0.7,48.2,1491.1,47.1,9.5,16.1,8.1,37.4,,19.4,-0.66,3.9,2137.0,1678.0,0.28,1.67,1.7,,0.2,0.1,380848.0,229684.0,16581.0,3114578.0,401316.0,77609.0,136.8814248515654,3610626,158.68205306982463,2121.6368917997006,0
2014,Bongolava,31.3,52.1,7.1,29.775342465753425,34.0,23.03013698630137,17.0,1444.0,199.7,78.55068493150685,52.0,19.77260273972603,1015.0657534246576,20.34554794520548,6.468493150684932,3897.5,10.678082191780822,189.0,0.0,1332.1,52.0,1.0,58.7,29.33152173913044,3.3,7.2,1.5,72.5,,49223.0,1.55,16.8,,,,733000.0,658281.5785463965,27800.0,23.67919347289196,4,45000,68,3,0.9096319953545184,0.4154150130018864,30.969400035806657,0.3305999641933432,31.079600023871105,51.41106026640499,0.6889397335950136,51.64070684426999,7.457429649683746,-0.3574296496837466,7.338286433122498,29.203527279237573,2.7804930518657707,46.70201095752818,7.220998083256548,7.274078118124317,0.1679811911016676,20.620043258832013,6.745205479452057,2.5560000000000005,False,False,False,False,False,False,False,False,False,False,True,False,False,False,False,False,False,False,False,False,False,3247.217788854804,1845.951058261545,0.7515981648809733,,,,,1.7,0.1,81.31,11.5,MICS_2018,45.7,,35.0,64.2,61.5,62.48181818181818,35.6,8.2,48.5,65.8,0.7,48.2,1500.9,48.0,9.9,16.7,8.4,37.4,,19.4,-0.56,10.5,2142.0,1681.0,0.28,1.67,1.7,,0.2,0.1,366172.0,217542.0,16832.0,2929743.0,376323.0,77852.0,125.20280318296454,3977863,169.99429584021428,2178.91649461231,0
2015,Bongolava,31.3,52.1,7.1,30.676712328767124,34.0,23.528767123287672,18.0,1461.3,77.3,75.25753424657535,38.0,18.32876712328768,1015.1561643835616,23.577397260273973,6.526027397260274,3887.5,10.650684931506849,233.0,0.0,1356.3,38.0,0.0,77.5,30.657608695652176,3.3,8.2,1.8,73.0,,47507.0,2.71,53.6,,,,733000.0,676905.3405454822,27800.0,24.349112969261952,3,0,0,1,0.9898214418809328,-0.142314838273285,31.3,0.0,31.18980001193556,52.1,0.0,51.870353422135,7.1,0.0,7.219143216561249,29.203527279237573,2.7804930518657707,46.70201095752818,7.220998083256548,7.274078118124317,0.1679811911016676,20.992754621752635,7.147945205479452,1.4139999999999997,False,False,False,False,False,False,False,False,False,False,True,False,False,False,False,False,False,False,False,False,False,3155.481221746184,1718.2949329657465,-2.8250820571222857,,,,,1.7,0.1,81.31,11.5,MICS_2018,45.0,,52.0,64.2,61.5,62.72727272727272,35.6,8.2,48.5,65.8,0.7,48.2,1508.4,48.9,10.3,17.3,8.7,37.4,,19.3,-0.43,11.0,2147.0,1684.0,0.28,1.67,1.7,,0.2,0.1,329367.0,192137.0,17142.0,2676952.0,346550.0,77246.0,111.25226780008892,3722304,154.69637163510671,1971.071038912372,0
2016,Bongolava,31.3,52.1,7.1,30.37158469945356,34.0,23.098360655737704,17.0,1847.9,258.5,75.24590163934427,36.0,18.30327868852459,1015.8524590163936,21.5099043715847,6.439890710382514,3943.3,10.774043715846991,244.0,0.0,1695.0,36.0,0.0,83.8,29.75,4.2,6.9,2.0,74.0,,53093.0,2.72,57.1,,,,733000.0,695082.3556300472,27800.0,25.002962432735508,3,10000,15,3,0.7557495743542583,-0.654860733945285,31.3,0.0,31.3,52.1,0.0,52.1,7.1,0.0,7.1,29.203527279237573,2.7804930518657707,46.70201095752818,7.220998083256548,7.274078118124317,0.1679811911016676,16.435729584638537,7.2732240437158495,2.208,False,False,False,False,False,False,False,False,False,False,True,False,False,False,False,False,False,False,False,False,False,3184.2017671732337,1616.7507251586012,0.910179570365388,,,,,1.7,0.1,81.31,11.5,MICS_2018,44.2,,69.0,64.2,61.5,62.97272727272727,35.6,8.2,48.5,65.8,0.7,48.2,1528.6,49.8,10.7,17.9,9.1,37.5,,19.2,-0.29,11.2,2151.0,1687.0,0.28,1.67,1.7,,0.2,,316331.0,182758.0,17309.0,2629478.0,342723.0,76723.0,106.42153195622512,3815849,154.4369248549065,1947.4073647181729,0
2017,Bongolava,31.3,52.1,7.1,31.08219178082192,35.0,23.84109589041096,19.0,1722.1,46.6,74.28767123287672,34.0,17.235616438356164,1015.0575342465752,20.279794520547945,6.542465753424658,3936.9,10.786027397260272,255.0,0.0,1492.9,34.0,0.0,163.9,30.98369565217392,4.1,8.4,2.5,75.0,,59602.0,3.19,58.7,3.08,,,733000.0,713957.4127685509,27800.0,25.681921322609742,3,83000,80,4,0.2817325568414296,-0.9594929736144974,31.3,0.0,31.3,52.1,0.0,52.1,7.1,0.0,7.1,29.203527279237573,2.7804930518657707,46.70201095752818,7.220998083256548,7.274078118124317,0.1679811911016676,18.049005156972253,7.241095890410961,2.602,False,False,False,False,False,False,False,False,False,False,True,False,False,False,False,False,False,False,False,False,False,3207.061056780647,1661.9746049336782,0.71789702031686,,,,,1.7,0.1,81.31,11.5,MICS_2018,43.4,,59.0,64.2,61.5,63.21818181818182,35.6,8.2,48.5,65.8,0.7,48.2,1548.2,50.7,11.1,18.5,9.4,37.5,,19.0,-0.3,10.1,2155.0,1690.0,0.28,1.67,1.7,,0.2,,281487.0,161716.0,17406.0,2522722.0,328799.0,76725.0,99.40158663107492,3600500,141.86874838574573,1796.1182409858354,0
2018,Bongolava,31.3,52.1,7.1,31.22465753424657,35.0,23.61917808219178,19.0,2061.5,101.9,73.75068493150685,32.0,17.438356164383563,1014.8712328767124,20.36130136986301,6.586301369863014,3938.3,10.78986301369863,235.0,0.0,1890.0,31.0,0.0,67.8,31.282608695652176,4.6,8.6,4.2,75.3,224000.00000000003,60114.0,5.59,93.6,3.18,,,733000.0,733000.0,27800.0,26.366906474820144,2,0,0,2,-0.2817325568414294,-0.9594929736144976,31.3,0.0,31.3,52.1,0.0,52.1,7.1,0.0,7.1,29.203527279237573,2.7804930518657707,46.70201095752818,7.220998083256548,7.274078118124317,0.1679811911016676,15.14657168772572,7.605479452054794,1.493,False,False,False,False,False,False,False,False,False,False,True,False,False,False,False,False,False,False,False,False,False,3309.0533149764565,1665.830970966667,3.1802406125124527,,,,,1.7,0.1,81.31,11.5,MICS_2018,42.4,6.4,25.0,64.2,61.5,63.46363636363637,35.6,8.2,48.5,65.8,0.7,48.2,1557.3,51.6,11.5,19.2,9.7,37.7,50.6,18.9,-0.58,2.5,2159.0,1692.0,0.28,1.67,1.7,0.3,0.2,0.1,215000.0,122963.0,17485.0,2500000.0,319450.0,78260.0,95.9471906662573,4030000,154.66687135400676,1903.6974104247545,0
2019,Bongolava,25.7,37.6,7.4,30.613698630136987,35.0,23.83561643835617,18.0,2090.0,98.3,76.06575342465753,52.0,18.36986301369863,1014.7424657534248,22.476712328767125,6.441095890410959,3912.1,10.71808219178082,245.0,0.0,1837.4,52.0,1.0,97.4,30.13043478260869,5.0,6.3,4.0,75.2,260000.0,65760.0,11.2,92.5,3.21,,,733000.0,753103.6111534359,27800.0,27.090057955159565,2,0,0,1,-0.7557495743542582,-0.6548607339452852,31.3,-5.600000000000001,29.433333333333337,52.1,-14.5,47.26666666666667,7.1,0.3000000000000007,7.2,29.203527279237573,2.7804930518657707,46.70201095752818,7.220998083256548,7.274078118124317,0.1679811911016676,14.64770269384545,6.778082191780822,1.156,False,False,False,False,False,False,False,False,False,False,True,False,False,False,False,False,False,False,False,False,False,3560.435825605637,1745.795143860416,7.596810528601883,,,,,1.7,0.1,81.31,11.5,EDSM_2021,41.4,,20.0,64.2,61.5,63.70909090909091,35.6,8.2,48.5,65.8,0.7,48.2,1585.5,52.5,11.9,19.9,10.1,37.8,,18.8,-0.32,3.0,2163.0,1695.0,0.28,1.67,1.7,,0.2,0.1,219220.0,126258.0,17363.0,2913862.0,369977.0,78758.0,108.84550003093987,3910629,146.0791104522089,1877.889552417082,0
2020,Bongolava,25.7,37.6,7.4,30.47814207650273,34.0,22.89344262295082,17.0,1599.0,108.8,74.1311475409836,40.0,18.84153005464481,1014.6065573770492,30.037909836065573,6.442622950819672,3740.9,10.22103825136612,198.0,0.0,1524.7,40.0,0.0,44.3,30.23913043478261,5.5,7.2,4.5,77.4,,,0.98,102.5,3.2,,,733000.0,773179.3006247142,27800.0,27.81220505844296,3,0,0,2,-0.9898214418809328,-0.1423148382732852,25.7,0.0,27.566666666666663,37.6,0.0,42.43333333333334,7.4,0.0,7.3,29.203527279237573,2.7804930518657707,46.70201095752818,7.220998083256548,7.274078118124317,0.1679811911016676,19.060751767669,7.584699453551913,1.82,False,False,False,False,False,False,False,False,False,False,True,False,False,False,False,False,False,False,False,False,False,3583.02095770052,1996.883604241949,0.6343361656024449,,,,,1.7,0.1,81.31,11.5,EDSM_2021,40.4,,22.0,64.2,61.5,63.95454545454546,35.6,8.2,48.5,65.8,0.7,48.2,1436.2,53.4,12.3,20.5,10.4,,,18.7,-0.53,4.2,2167.0,1697.0,0.28,1.67,1.6,,0.2,0.1,224883.0,127026.0,17704.0,2599679.0,328226.0,79204.0,94.58793328879533,4227927,153.830867974814,1889.7225511614288,0
2021,Bongolava,25.7,37.6,7.4,31.12602739726028,37.0,22.86575342465753,18.0,1761.3,223.8,75.34520547945205,35.0,18.673972602739727,1015.3616438356164,31.21541095890411,6.476712328767123,3745.2,10.26082191780822,200.0,14.0,1670.2,31.0,0.0,49.5,31.18478260869565,6.0,5.5,5.0,78.0,,,,,3.34,0.41,0.43,733000.0,793729.6586926711,27800.0,28.551426571678817,2,3000,5,2,-0.9096319953545186,0.415415013001886,25.7,0.0,25.7,37.6,0.0,37.6,7.4,0.0,7.4,29.203527279237573,2.7804930518657707,46.70201095752818,7.220998083256548,7.274078118124317,0.1679811911016676,17.672189517549693,8.26027397260274,1.493,False,False,False,False,False,False,False,False,False,False,True,False,False,False,False,False,False,False,False,False,False,,,,,,,,1.7,0.1,81.31,11.5,EDSM_2021,39.4,7.2,15.0,64.2,61.5,64.2,35.6,8.2,48.5,65.8,0.7,48.2,1463.6,,,,,,54.4,,-0.64,,2184.0,1709.0,0.28,1.67,1.6,0.3,,,232026.0,126200.0,18386.0,2439642.0,306295.0,79650.0,86.46686673995505,4391386,155.6414375821142,1871.484981702268,0
2022,Bongolava,25.7,37.6,7.4,31.46301369863014,36.0,22.216438356164385,17.0,1620.6,188.2,75.81369863013698,45.0,19.035616438356165,1015.3561643835616,31.235958904109587,6.517808219178082,3700.4,10.138082191780825,195.0,2.0,1547.6,45.0,0.0,50.2,32.10326086956522,3.8,10.6,5.5,77.5,,,,,3.65,,,733000.0,814670.9203108334,27800.0,29.304709363699043,4,0,0,4,-0.5406408174555974,0.8412535328311812,25.7,0.0,25.7,37.6,0.0,37.6,7.4,0.0,7.4,29.203527279237573,2.7804930518657707,46.70201095752818,7.220998083256548,7.274078118124317,0.1679811911016676,19.414422867228275,9.246575342465754,2.935,False,False,False,False,False,False,False,False,False,False,True,False,False,False,False,False,False,False,False,False,False,,,,,,,,1.7,0.1,81.31,11.5,EDSM_2021,38.6,7.2,,64.2,61.5,64.44545454545454,35.6,8.2,48.5,65.8,0.7,48.2,,,,,,,,,,,2187.0,1711.0,0.3,1.67,1.6,,,,,,,,,,,4200000,145.03182270084608,1390.716108090305,0
2012,Diana,17.79827470674899,22.25525827606304,6.584669638142357,27.364754098360656,31.0,23.817850637522767,19.0,17843.8,285.2,81.33424408014572,63.0,18.68761384335155,1014.83014571949,27.97444216757741,6.271402550091075,24262.4,11.048451730418943,1856.0,0.0,13855.5,63.0,2.0,2103.6,26.326992753623188,3.1,6.1,5.4,71.5,,66900.0,1.54,20.2,,,,967000.0,821205.9271674539,19600.0,41.89826159017622,2,0,0,1,0.0,1.0,,,17.79827470674899,,,22.25525827606304,,,6.584669638142357,15.045140855772544,3.526021383987958,25.573683322920555,4.242722901124607,6.306303570571337,1.327088411551347,1.5335721145922203,3.546903460837889,1.189,False,False,False,False,False,False,False,False,False,False,False,True,False,False,False,False,False,False,False,False,False,3502.0987811488167,2090.852667066967,,,,,,7.4,2.7,68.31,4.8,ENSOMD_2012,47.3,7.5,21.0,35.8,33.2,33.67272727272727,65.3,32.5,72.8,78.5,1.3,75.2,1497.0,46.2,9.1,15.5,7.7,37.5,41.9,19.5,-0.54,4.6,2133.0,1675.0,0.28,1.69,1.7,0.3,0.2,0.1,447948.0,269997.0,16591.0,3621309.0,475658.0,76133.0,163.65611496037585,4550649,205.65534062084168,2689.4341811220474,0
2013,Diana,17.79827470674899,22.25525827606304,6.584669638142357,27.489497716894977,32.0,23.812328767123287,18.0,13081.5,209.4,80.98904109589041,62.0,18.6703196347032,1015.3488584474886,25.26569634703196,6.289041095890411,24383.8,11.134155251141552,1776.0,0.0,10345.7,62.0,1.0,1594.9,26.205615942028984,2.3,5.5,1.3,72.0,,63750.0,1.78,34.5,,,,967000.0,844448.9943623343,19600.0,43.08413236542522,3,0,0,2,0.5406408174555976,0.8412535328311812,17.79827470674899,0.0,17.79827470674899,22.25525827606304,0.0,22.25525827606304,6.584669638142357,0.0,6.584669638142357,15.045140855772544,3.526021383987958,25.573683322920555,4.242722901124607,6.306303570571337,1.327088411551347,2.101402569804302,3.6771689497716906,1.886,False,False,False,False,False,False,False,False,False,False,False,True,False,False,False,False,False,False,False,False,False,3222.9938264013444,1869.6956328105864,-7.96964826491603,,,,,7.4,2.7,68.31,4.8,ENSOMD_2012,46.5,,24.0,35.8,33.2,33.90909090909091,65.3,32.5,72.8,78.5,1.3,75.2,1491.1,47.1,9.5,16.1,8.1,37.4,,19.4,-0.66,3.9,2137.0,1678.0,0.28,1.67,1.7,,0.2,0.1,380848.0,229684.0,16581.0,3114578.0,401316.0,77609.0,136.8814248515654,3610626,158.68205306982463,2121.6368917997006,0
2014,Diana,17.5,30.0,5.0,27.67625570776256,32.0,24.048858447488584,20.0,11067.5,139.8,80.98356164383561,42.0,18.83652968036529,1015.5182648401826,27.189212328767123,6.368036529680365,24222.0,11.06027397260274,1777.0,0.0,8127.6,35.0,0.0,2098.9,26.71286231884058,3.3,7.2,1.5,72.5,,49223.0,1.55,16.8,,,,967000.0,868428.7673320128,19600.0,44.30759017000065,4,45000,68,3,0.9096319953545184,0.4154150130018864,17.79827470674899,-0.298274706748991,17.69884980449933,22.25525827606304,7.744741723936958,24.8368388507087,6.584669638142357,-1.5846696381423566,6.056446425428238,15.045140855772544,3.526021383987958,25.573683322920555,4.242722901124607,6.306303570571337,1.327088411551347,2.500678175537616,3.627397260273973,2.5050000000000003,False,False,False,False,False,False,False,False,False,False,False,True,False,False,False,False,False,False,False,False,False,3247.217788854804,1845.951058261545,0.7515981648809733,,,,,7.4,2.7,68.31,4.8,MICS_2018,45.7,,35.0,35.8,33.2,34.14545454545455,65.3,32.5,72.8,78.5,1.3,75.2,1500.9,48.0,9.9,16.7,8.4,37.4,,19.4,-0.56,10.5,2142.0,1681.0,0.28,1.67,1.7,,0.2,0.1,366172.0,217542.0,16832.0,2929743.0,376323.0,77852.0,125.20280318296454,3977863,169.99429584021428,2178.91649461231,0
2015,Diana,17.5,30.0,5.0,27.769406392694066,32.0,24.45205479452055,17.0,17872.8,146.5,79.17716894977168,43.0,18.60593607305936,1015.7073059360732,32.543150684931504,6.287214611872146,23628.3,10.78917808219178,1938.0,0.0,13890.4,43.0,0.0,3037.2,26.84692028985508,3.3,8.2,1.8,73.0,,47507.0,2.71,53.6,,,,967000.0,892997.9049215298,19600.0,45.56111759803724,3,0,0,1,0.9898214418809328,-0.142314838273285,17.5,0.0,17.599424902249662,30.0,0.0,27.418419425354347,5.0,0.0,5.52822321271412,15.045140855772544,3.526021383987958,25.573683322920555,4.242722901124607,6.306303570571337,1.327088411551347,1.5537244523910112,3.317351598173513,1.4289999999999998,False,False,False,False,False,False,False,False,False,False,False,True,False,False,False,False,False,False,False,False,False,3155.481221746184,1718.2949329657465,-2.8250820571222857,,,,,7.4,2.7,68.31,4.8,MICS_2018,45.0,,52.0,35.8,33.2,34.381818181818176,65.3,32.5,72.8,78.5,1.3,75.2,1508.4,48.9,10.3,17.3,8.7,37.4,,19.3,-0.43,11.0,2147.0,1684.0,0.28,1.67,1.7,,0.2,0.1,329367.0,192137.0,17142.0,2676952.0,346550.0,77246.0,111.25226780008892,3722304,154.69637163510671,1971.071038912372,0
2016,Diana,17.5,30.0,5.0,27.558287795992715,31.0,24.092896174863387,18.0,17787.5,298.7,78.71493624772313,37.0,18.81102003642988,1016.3242258652094,31.956739526411656,6.182604735883425,23818.6,10.846357012750454,1915.0,0.0,14280.3,33.0,0.0,2552.8,26.160326086956523,4.2,6.9,2.0,74.0,,53093.0,2.72,57.1,,,,967000.0,916977.6778912082,19600.0,46.78457540261267,3,10000,15,3,0.7557495743542583,-0.654860733945285,17.5,0.0,17.5,30.0,0.0,30.0,5.0,0.0,5.0,15.045140855772544,3.526021383987958,25.573683322920555,4.242722901124607,6.306303570571337,1.327088411551347,1.5493064115807569,3.465391621129328,2.1990000000000003,False,False,False,False,False,False,False,False,False,False,False,True,False,False,False,False,False,False,False,False,False,3184.2017671732337,1616.7507251586012,0.910179570365388,,,,,7.4,2.7,68.31,4.8,MICS_2018,44.2,,69.0,35.8,33.2,34.61818181818182,65.3,32.5,72.8,78.5,1.3,75.2,1528.6,49.8,10.7,17.9,9.1,37.5,,19.2,-0.29,11.2,2151.0,1687.0,0.28,1.67,1.7,,0.2,,316331.0,182758.0,17309.0,2629478.0,342723.0,76723.0,106.42153195622512,3815849,154.4369248549065,1947.4073647181729,0
2017,Diana,17.5,30.0,5.0,28.13470319634704,31.0,24.52146118721461,19.0,19726.8,252.2,79.11141552511415,66.0,18.315068493150687,1015.6342465753424,26.92437214611872,6.321004566210045,24370.4,11.128036529680363,1990.0,0.0,14786.0,66.0,1.0,3793.9,27.170289855072465,4.1,8.4,2.5,75.0,,59602.0,3.19,58.7,3.08,,,967000.0,941878.3330793844,19600.0,48.05501699384615,3,83000,80,4,0.2817325568414296,-0.9594929736144974,17.5,0.0,17.5,30.0,0.0,30.0,5.0,0.0,5.0,15.045140855772544,3.526021383987958,25.573683322920555,4.242722901124607,6.306303570571337,1.327088411551347,1.426217287971036,3.6132420091324207,2.698,False,False,False,False,False,False,False,False,False,False,False,True,False,False,False,False,False,False,False,False,False,3207.061056780647,1661.9746049336782,0.71789702031686,,,,,7.4,2.7,68.31,4.8,MICS_2018,43.4,,59.0,35.8,33.2,34.85454545454546,65.3,32.5,72.8,78.5,1.3,75.2,1548.2,50.7,11.1,18.5,9.4,37.5,,19.0,-0.3,10.1,2155.0,1690.0,0.28,1.67,1.7,,0.2,,281487.0,161716.0,17406.0,2522722.0,328799.0,76725.0,99.40158663107492,3600500,141.86874838574573,1796.1182409858354,0
2018,Diana,17.5,30.0,5.0,27.748858447488583,31.0,24.34109589041096,19.0,23864.9,344.7,80.04748858447489,81.0,18.742922374429224,1015.4890410958905,28.3972602739726,6.294520547945205,24013.7,10.965159817351598,1968.0,0.0,19609.4,81.0,4.0,2993.4,26.77445652173913,4.6,8.6,4.2,75.3,61600.0,60114.0,5.59,93.6,3.18,,,967000.0,967000.0,19600.0,49.33673469387755,2,0,0,2,-0.2817325568414294,-0.9594929736144976,17.5,0.0,17.5,30.0,0.0,30.0,5.0,0.0,5.0,15.045140855772544,3.526021383987958,25.573683322920555,4.242722901124607,6.306303570571337,1.327088411551347,1.162747736109876,3.407762557077625,1.6429999999999998,False,False,False,False,False,False,False,False,False,False,False,True,False,False,False,False,False,False,False,False,False,3309.0533149764565,1665.830970966667,3.1802406125124527,,,,,7.4,2.7,68.31,4.8,MICS_2018,42.4,6.4,25.0,35.8,33.2,35.09090909090909,65.3,32.5,72.8,78.5,1.3,75.2,1557.3,51.6,11.5,19.2,9.7,37.7,50.6,18.9,-0.58,2.5,2159.0,1692.0,0.28,1.67,1.7,0.3,0.2,0.1,215000.0,122963.0,17485.0,2500000.0,319450.0,78260.0,95.9471906662573,4030000,154.66687135400676,1903.6974104247545,0
2019,Diana,10.6,21.7,7.8,28.00867579908676,32.0,24.68219178082192,18.0,18919.1,302.3,80.57671232876713,61.0,19.73972602739726,1015.3283105022832,30.011244292237443,6.282648401826484,24033.1,10.974018264840185,1997.0,0.0,13477.3,61.0,3.0,3557.4,26.82789855072464,5.0,6.3,4.0,75.2,58199.99999999999,65760.0,11.2,92.5,3.21,,,967000.0,993521.407892732,19600.0,50.68986774962918,2,0,0,1,-0.7557495743542582,-0.6548607339452852,17.5,-6.9,15.2,30.0,-8.3,27.23333333333333,5.0,2.8,5.933333333333334,15.045140855772544,3.526021383987958,25.573683322920555,4.242722901124607,6.306303570571337,1.327088411551347,1.4804444079838237,3.3264840182648427,1.183,False,False,False,False,False,False,False,False,False,False,False,True,False,False,False,False,False,False,False,False,False,3560.435825605637,1745.795143860416,7.596810528601883,,,,,7.4,2.7,68.31,4.8,EDSM_2021,41.4,,20.0,35.8,33.2,35.32727272727273,65.3,32.5,72.8,78.5,1.3,75.2,1585.5,52.5,11.9,19.9,10.1,37.8,,18.8,-0.32,3.0,2163.0,1695.0,0.28,1.67,1.7,,0.2,0.1,219220.0,126258.0,17363.0,2913862.0,369977.0,78758.0,108.84550003093987,3910629,146.0791104522089,1877.889552417082,0
2020,Diana,10.6,21.7,7.8,27.477686703096538,32.0,23.9672131147541,16.0,15407.0,197.8,80.08060109289617,40.0,20.040528233151186,1015.1598360655738,46.80071721311475,6.071948998178506,20953.9,9.541848816029145,1845.0,0.0,11383.6,37.0,0.0,2941.0,26.428442028985508,5.5,7.2,4.5,77.4,,,0.98,102.5,3.2,,,967000.0,1020005.980496724,19600.0,52.04112145391449,3,0,0,2,-0.9898214418809328,-0.1423148382732852,10.6,0.0,12.9,21.7,0.0,24.46666666666667,7.8,0.0,6.866666666666667,15.045140855772544,3.526021383987958,25.573683322920555,4.242722901124607,6.306303570571337,1.327088411551347,1.7834547090995352,3.510473588342439,1.811,False,False,False,False,False,False,False,False,False,False,False,True,False,False,False,False,False,False,False,False,False,3583.02095770052,1996.883604241949,0.6343361656024449,,,,,7.4,2.7,68.31,4.8,EDSM_2021,40.4,,22.0,35.8,33.2,35.56363636363636,65.3,32.5,72.8,78.5,1.3,75.2,1436.2,53.4,12.3,20.5,10.4,,,18.7,-0.53,4.2,2167.0,1697.0,0.28,1.67,1.6,,0.2,0.1,224883.0,127026.0,17704.0,2599679.0,328226.0,79204.0,94.58793328879533,4227927,153.830867974814,1889.7225511614288,0
2021,Diana,10.6,21.7,7.8,28.065753424657533,35.0,23.936529680365297,17.0,13571.7,94.0,79.41917808219178,46.0,19.72146118721461,1015.5931506849316,47.75479452054795,6.100913242009132,20799.0,9.497260273972604,1916.0,0.0,9213.8,46.0,0.0,3104.9,26.90036231884058,6.0,5.5,5.0,78.0,,,,,3.34,0.41,0.43,967000.0,1047116.7530092946,19600.0,53.42432413312728,2,3000,5,2,-0.9096319953545186,0.415415013001886,10.6,0.0,10.6,21.7,0.0,21.7,7.8,0.0,7.8,15.045140855772544,3.526021383987958,25.573683322920555,4.242722901124607,6.306303570571337,1.327088411551347,2.0679615246916403,4.129223744292236,1.5379999999999998,False,False,False,False,False,False,False,False,False,False,False,True,False,False,False,False,False,False,False,False,False,,,,,,,,7.4,2.7,68.31,4.8,EDSM_2021,39.4,7.2,15.0,35.8,33.2,35.8,65.3,32.5,72.8,78.5,1.3,75.2,1463.6,,,,,,54.4,,-0.64,,2184.0,1709.0,0.28,1.67,1.6,0.3,,,232026.0,126200.0,18386.0,2439642.0,306295.0,79650.0,86.46686673995505,4391386,155.6414375821142,1871.484981702268,0
2022,Diana,10.6,21.7,7.8,28.1662100456621,35.0,23.58219178082192,18.0,16336.3,246.8,79.27488584474885,57.0,21.060730593607307,1015.4333333333332,48.19297945205479,6.054794520547945,20760.0,9.47945205479452,1866.0,0.0,12639.4,57.0,6.0,2453.0,27.20652173913044,3.8,10.6,5.5,77.5,,,,,3.65,,,967000.0,1074743.2195642237,19600.0,54.83383773286855,4,0,0,4,-0.5406408174555974,0.8412535328311812,10.6,0.0,10.6,21.7,0.0,21.7,7.8,0.0,7.8,15.045140855772544,3.526021383987958,25.573683322920555,4.242722901124607,6.306303570571337,1.327088411551347,1.7241486778317063,4.584018264840182,2.971,False,False,False,False,False,False,False,False,False,False,False,True,False,False,False,False,False,False,False,False,False,,,,,,,,7.4,2.7,68.31,4.8,EDSM_2021,38.6,7.2,,35.8,33.2,36.03636363636363,65.3,32.5,72.8,78.5,1.3,75.2,,,,,,,,,,,2187.0,1711.0,0.3,1.67,1.6,,,,,,,,,,,4200000,145.03182270084608,1390.716108090305,0
2012,Haute Matsiatra,38.03887945116061,65.18090228217105,4.738726895507631,22.22131147540984,30.0,13.83879781420765,6.0,2557.5,103.4,93.59016393442624,62.0,11.754098360655735,1017.9699453551912,47.58435792349727,4.461748633879782,3753.5,10.255464480874316,311.0,0.0,2134.7,62.0,1.0,222.4,21.10869565217392,3.1,6.1,5.4,71.5,,66900.0,1.54,20.2,,,,1463000.0,1242424.272436386,21200.0,58.60491851115028,2,0,0,1,0.0,1.0,,,38.03887945116061,,,65.18090228217105,,,4.738726895507631,28.561614445665565,4.700836974715109,54.06016405130383,5.859994324597538,4.052495799183205,1.3172365373782329,8.688684838869927,8.382513661202188,1.186,False,False,False,False,False,False,False,False,False,False,False,False,True,False,False,False,False,False,False,False,False,3502.0987811488167,2090.852667066967,,,,,,4.5,0.3,87.53,5.5,ENSOMD_2012,47.3,7.5,21.0,73.5,72.8,72.92727272727272,50.2,15.3,63.2,71.5,0.9,56.8,1497.0,46.2,9.1,15.5,7.7,37.5,41.9,19.5,-0.54,4.6,2133.0,1675.0,0.28,1.69,1.7,0.3,0.2,0.1,447948.0,269997.0,16591.0,3621309.0,475658.0,76133.0,163.65611496037585,4550649,205.65534062084168,2689.4341811220474,0
2013,Haute Matsiatra,38.03887945116061,65.18090228217105,4.738726895507631,22.48767123287672,30.0,13.493150684931509,5.0,2189.1,103.3,92.3917808219178,37.0,11.476712328767125,1018.5753424657536,43.83972602739726,4.432876712328767,3798.4,10.406575342465754,306.0,0.0,1829.8,37.0,0.0,322.2,20.869565217391305,2.3,5.5,1.3,72.0,,63750.0,1.78,34.5,,,,1463000.0,1277589.3265275026,21200.0,60.26364747771239,3,0,0,2,0.5406408174555976,0.8412535328311812,38.03887945116061,0.0,38.03887945116061,65.18090228217105,0.0,65.18090228217105,4.738726895507631,0.0,4.738726895507631,28.561614445665565,4.700836974715109,54.06016405130383,5.859994324597538,4.052495799183205,1.3172365373782329,10.272564630613822,8.994520547945207,1.811,False,False,False,False,False,False,False,False,False,False,False,False,True,False,False,False,False,False,False,False,False,3222.9938264013444,1869.6956328105864,-7.96964826491603,,,,,4.5,0.3,87.53,5.5,ENSOMD_2012,46.5,,24.0,73.5,72.8,72.99090909090908,50.2,15.3,63.2,71.5,0.9,56.8,1491.1,47.1,9.5,16.1,8.1,37.4,,19.4,-0.66,3.9,2137.0,1678.0,0.28,1.67,1.7,,0.2,0.1,380848.0,229684.0,16581.0,3114578.0,401316.0,77609.0,136.8814248515654,3610626,158.68205306982463,2121.6368917997006,0
2014,Haute Matsiatra,26.1,53.5,5.1,22.8027397260274,30.0,13.734246575342466,4.0,1652.2,53.7,92.27123287671232,36.0,12.073972602739726,1018.6383561643836,43.48595890410959,4.526027397260274,3810.3,10.43917808219178,304.0,0.0,1360.5,23.0,0.0,236.1,21.25,3.3,7.2,1.5,72.5,,49223.0,1.55,16.8,,,,1463000.0,1313868.962364772,21200.0,61.97495105494208,4,45000,68,3,0.9096319953545184,0.4154150130018864,38.03887945116061,-11.93887945116061,34.05925296744041,65.18090228217105,-11.680902282171049,61.287268188114034,4.738726895507631,0.3612731044923691,4.8591512636717535,28.561614445665565,4.700836974715109,54.06016405130383,5.859994324597538,4.052495799183205,1.3172365373782329,13.80144033774809,9.068493150684931,2.4690000000000003,False,False,False,False,False,False,False,False,False,False,False,False,True,False,False,False,False,False,False,False,False,3247.217788854804,1845.951058261545,0.7515981648809733,,,,,4.5,0.3,87.53,5.5,MICS_2018,45.7,,35.0,73.5,72.8,73.05454545454546,50.2,15.3,63.2,71.5,0.9,56.8,1500.9,48.0,9.9,16.7,8.4,37.4,,19.4,-0.56,10.5,2142.0,1681.0,0.28,1.67,1.7,,0.2,0.1,366172.0,217542.0,16832.0,2929743.0,376323.0,77852.0,125.20280318296454,3977863,169.99429584021428,2178.91649461231,0
2015,Haute Matsiatra,26.1,53.5,5.1,22.372602739726027,31.0,14.087671232876712,5.0,2820.7,412.6,92.69041095890412,33.0,15.547945205479452,1018.8164383561644,51.83664383561644,4.487671232876712,3616.6,9.908493150684931,284.0,0.0,2545.6,33.0,0.0,218.7,20.65217391304348,3.3,8.2,1.8,73.0,,47507.0,2.71,53.6,,,,1463000.0,1351040.263598964,21200.0,63.728314320705856,3,0,0,1,0.9898214418809328,-0.142314838273285,26.1,0.0,30.079626483720205,53.5,0.0,57.39363409405701,5.1,0.0,4.979575631835877,28.561614445665565,4.700836974715109,54.06016405130383,5.859994324597538,4.052495799183205,1.3172365373782329,7.93157823934698,8.284931506849315,1.3989999999999998,False,False,False,False,False,False,False,False,False,False,False,False,True,False,False,False,False,False,False,False,False,3155.481221746184,1718.2949329657465,-2.8250820571222857,,,,,4.5,0.3,87.53,5.5,MICS_2018,45.0,,52.0,73.5,72.8,73.11818181818181,50.2,15.3,63.2,71.5,0.9,56.8,1508.4,48.9,10.3,17.3,8.7,37.4,,19.3,-0.43,11.0,2147.0,1684.0,0.28,1.67,1.7,,0.2,0.1,329367.0,192137.0,17142.0,2676952.0,346550.0,77246.0,111.25226780008892,3722304,154.69637163510671,1971.071038912372,0
2016,Haute Matsiatra,26.1,53.5,5.1,22.081967213114755,31.0,13.8551912568306,5.0,1906.2,56.4,93.04371584699452,36.0,15.94535519125683,1019.6147540983608,50.94467213114754,4.39344262295082,3698.1,10.104098360655737,307.0,0.0,1642.4,28.0,0.0,236.4,19.597826086956523,4.2,6.9,2.0,74.0,,53093.0,2.72,57.1,,,,1463000.0,1387319.899436233,21200.0,65.43961789793552,3,10000,15,3,0.7557495743542583,-0.654860733945285,26.1,0.0,26.1,53.5,0.0,53.5,5.1,0.0,5.1,28.561614445665565,4.700836974715109,54.06016405130383,5.859994324597538,4.052495799183205,1.3172365373782329,11.584286650464144,8.226775956284154,2.184,False,False,False,False,False,False,False,False,False,False,False,False,True,False,False,False,False,False,False,False,False,3184.2017671732337,1616.7507251586012,0.910179570365388,,,,,4.5,0.3,87.53,5.5,MICS_2018,44.2,,69.0,73.5,72.8,73.18181818181819,50.2,15.3,63.2,71.5,0.9,56.8,1528.6,49.8,10.7,17.9,9.1,37.5,,19.2,-0.29,11.2,2151.0,1687.0,0.28,1.67,1.7,,0.2,,316331.0,182758.0,17309.0,2629478.0,342723.0,76723.0,106.42153195622512,3815849,154.4369248549065,1947.4073647181729,0
2017,Haute Matsiatra,26.1,53.5,5.1,22.90684931506849,32.0,14.304109589041095,5.0,2025.4,68.6,93.21917808219176,37.0,13.841095890410958,1019.068493150685,49.99760273972603,4.553424657534246,3732.4,10.225753424657537,309.0,0.0,1735.5,37.0,0.0,205.5,21.418478260869566,4.1,8.4,2.5,75.0,,59602.0,3.19,58.7,3.08,,,1463000.0,1424992.7624561938,21200.0,67.21663973849971,3,83000,80,4,0.2817325568414296,-0.9594929736144974,26.1,0.0,26.1,53.5,0.0,53.5,5.1,0.0,5.1,28.561614445665565,4.700836974715109,54.06016405130383,5.859994324597538,4.052495799183205,1.3172365373782329,11.309790320464346,8.602739726027396,2.611,False,False,False,False,False,False,False,False,False,False,False,False,True,False,False,False,False,False,False,False,False,3207.061056780647,1661.9746049336782,0.71789702031686,,,,,4.5,0.3,87.53,5.5,MICS_2018,43.4,,59.0,73.5,72.8,73.24545454545455,50.2,15.3,63.2,71.5,0.9,56.8,1548.2,50.7,11.1,18.5,9.4,37.5,,19.0,-0.3,10.1,2155.0,1690.0,0.28,1.67,1.7,,0.2,,281487.0,161716.0,17406.0,2522722.0,328799.0,76725.0,99.40158663107492,3600500,141.86874838574573,1796.1182409858354,0
2018,Haute Matsiatra,26.1,53.5,5.1,23.58356164383561,32.0,14.37808219178082,8.0,2153.3,120.3,92.44657534246576,33.0,12.172602739726027,1018.7835616438356,45.45205479452055,4.668493150684932,3769.1,10.326301369863014,309.0,0.0,1869.0,33.0,0.0,221.5,22.05434782608696,4.6,8.6,4.2,75.3,120000.0,60114.0,5.59,93.6,3.18,,,1463000.0,1463000.0,21200.0,69.00943396226415,2,0,0,2,-0.2817325568414294,-0.9594929736144976,26.1,0.0,26.1,53.5,0.0,53.5,5.1,0.0,5.1,28.561614445665565,4.700836974715109,54.06016405130383,5.859994324597538,4.052495799183205,1.3172365373782329,10.952287950511128,9.205479452054794,1.499,False,False,False,False,False,False,False,False,False,False,False,False,True,False,False,False,False,False,False,False,False,3309.0533149764565,1665.830970966667,3.1802406125124527,,,,,4.5,0.3,87.53,5.5,MICS_2018,42.4,6.4,25.0,73.5,72.8,73.30909090909091,50.2,15.3,63.2,71.5,0.9,56.8,1557.3,51.6,11.5,19.2,9.7,37.7,50.6,18.9,-0.58,2.5,2159.0,1692.0,0.28,1.67,1.7,0.3,0.2,0.1,215000.0,122963.0,17485.0,2500000.0,319450.0,78260.0,95.9471906662573,4030000,154.66687135400676,1903.6974104247545,0
2019,Haute Matsiatra,26.9,49.2,2.4,23.83561643835617,34.0,15.005479452054796,5.0,2294.0,67.3,92.63561643835617,27.0,12.517808219178082,1018.627397260274,50.53630136986301,4.64931506849315,3674.7,10.067671232876712,319.0,0.0,1862.0,27.0,0.0,337.3,21.619565217391305,5.0,6.3,4.0,75.2,180000.0,65760.0,11.2,92.5,3.21,,,1463000.0,1503124.9428614962,21200.0,70.90211994629699,2,0,0,1,-0.7557495743542582,-0.6548607339452852,26.1,0.7999999999999972,26.366666666666664,53.5,-4.299999999999997,52.06666666666666,5.1,-2.7,4.2,28.561614445665565,4.700836974715109,54.06016405130383,5.859994324597538,4.052495799183205,1.3172365373782329,10.390416930408094,8.83013698630137,1.081,False,False,False,False,False,False,False,False,False,False,False,False,True,False,False,False,False,False,False,False,False,3560.435825605637,1745.795143860416,7.596810528601883,,,,,4.5,0.3,87.53,5.5,EDSM_2021,41.4,,20.0,73.5,72.8,73.37272727272727,50.2,15.3,63.2,71.5,0.9,56.8,1585.5,52.5,11.9,19.9,10.1,37.8,,18.8,-0.32,3.0,2163.0,1695.0,0.28,1.67,1.7,,0.2,0.1,219220.0,126258.0,17363.0,2913862.0,369977.0,78758.0,108.84550003093987,3910629,146.0791104522089,1877.889552417082,0
2020,Haute Matsiatra,26.9,49.2,2.4,22.7103825136612,32.0,13.898907103825136,5.0,1906.0,119.4,94.00819672131148,27.0,13.978142076502731,1018.811475409836,62.85758196721312,4.387978142076503,3336.8,9.116939890710382,285.0,0.0,1586.8,21.0,0.0,226.4,20.869565217391305,5.5,7.2,4.5,77.4,,,0.98,102.5,3.2,,,1463000.0,1543194.156635685,21200.0,72.79217719979646,3,0,0,2,-0.9898214418809328,-0.1423148382732852,26.9,0.0,26.633333333333336,49.2,0.0,50.63333333333333,2.4,0.0,3.2999999999999994,28.561614445665565,4.700836974715109,54.06016405130383,5.859994324597538,4.052495799183205,1.3172365373782329,11.915205935813852,8.811475409836065,1.763,False,False,False,False,False,False,False,False,False,False,False,False,True,False,False,False,False,False,False,False,False,3583.02095770052,1996.883604241949,0.6343361656024449,,,,,4.5,0.3,87.53,5.5,EDSM_2021,40.4,,22.0,73.5,72.8,73.43636363636364,50.2,15.3,63.2,71.5,0.9,56.8,1436.2,53.4,12.3,20.5,10.4,,,18.7,-0.53,4.2,2167.0,1697.0,0.28,1.67,1.6,,0.2,0.1,224883.0,127026.0,17704.0,2599679.0,328226.0,79204.0,94.58793328879533,4227927,153.830867974814,1889.7225511614288,0
2021,Haute Matsiatra,26.9,49.2,2.4,24.208219178082192,36.0,13.871232876712329,6.0,1512.4,50.2,92.9835616438356,25.0,14.189041095890412,1019.8575342465754,58.39828767123288,4.608219178082192,3418.3,9.365205479452056,272.0,4.0,1341.2,25.0,0.0,99.3,21.967391304347824,6.0,5.5,5.0,78.0,,,,,3.34,0.41,0.43,1463000.0,1584210.7648941034,21200.0,74.72692287236337,2,3000,5,2,-0.9096319953545186,0.415415013001886,26.9,0.0,26.9,49.2,0.0,49.2,2.4,0.0,2.4,28.561614445665565,4.700836974715109,54.06016405130383,5.859994324597538,4.052495799183205,1.3172365373782329,16.006492447819486,10.336986301369864,1.475,False,False,False,False,False,False,False,False,False,False,False,False,True,False,False,False,False,False,False,False,False,,,,,,,,4.5,0.3,87.53,5.5,EDSM_2021,39.4,7.2,15.0,73.5,72.8,73.5,50.2,15.3,63.2,71.5,0.9,56.8,1463.6,,,,,,54.4,,-0.64,,2184.0,1709.0,0.28,1.67,1.6,0.3,,,232026.0,126200.0,18386.0,2439642.0,306295.0,79650.0,86.46686673995505,4391386,155.6414375821142,1871.484981702268,0
2022,Haute Matsiatra,26.9,49.2,2.4,23.4,33.0,13.482191780821918,7.0,2327.4,321.2,92.97534246575344,44.0,14.484931506849316,1020.1424657534246,61.34315068493151,4.454794520547945,3334.3,9.135068493150683,272.0,0.0,2071.9,44.0,0.0,162.1,21.92391304347826,3.8,10.6,5.5,77.5,,,,,3.65,,,1463000.0,1626007.5803748283,21200.0,76.69847077239756,4,0,0,4,-0.5406408174555974,0.8412535328311812,26.9,0.0,26.9,49.2,0.0,49.2,2.4,0.0,2.4,28.561614445665565,4.700836974715109,54.06016405130383,5.859994324597538,4.052495799183205,1.3172365373782329,10.05413766434648,9.91780821917808,2.932,False,False,False,False,False,False,False,False,False,False,False,False,True,False,False,False,False,False,False,False,False,,,,,,,,4.5,0.3,87.53,5.5,EDSM_2021,38.6,7.2,,73.5,72.8,73.56363636363636,50.2,15.3,63.2,71.5,0.9,56.8,,,,,,,,,,,2187.0,1711.0,0.3,1.67,1.6,,,,,,,,,,,4200000,145.03182270084608,1390.716108090305,0
2012,Ihorombe,24.72450077746863,35.08505699333462,6.5224295154575085,26.743169398907103,33.0,16.057377049180328,9.0,1957.0,57.0,88.02732240437159,57.0,15.76775956284153,1016.6311475409836,23.86031420765028,5.702185792349726,3938.4,10.760655737704916,217.0,0.0,1555.2,57.0,1.0,207.0,25.945652173913043,3.1,6.1,5.4,71.5,,66900.0,1.54,20.2,,,,467000.0,396590.65975925646,26500.0,14.965685273934206,2,0,0,1,0.0,1.0,,,24.72450077746863,,,35.08505699333462,,,6.5224295154575085,17.87718195953975,3.478963846185599,32.09728308969721,1.778230842981143,6.122259911901366,0.7342644517204212,13.665390597295405,10.685792349726777,1.171,False,False,False,False,False,False,False,False,False,False,False,False,False,True,False,False,False,False,False,False,False,3502.0987811488167,2090.852667066967,,,,,,8.6,1.5,80.99,7.6,ENSOMD_2012,47.3,7.5,21.0,57.4,52.6,53.47272727272727,52.3,18.5,65.8,73.6,1.0,62.3,1497.0,46.2,9.1,15.5,7.7,37.5,41.9,19.5,-0.54,4.6,2133.0,1675.0,0.28,1.69,1.7,0.3,0.2,0.1,447948.0,269997.0,16591.0,3621309.0,475658.0,76133.0,163.65611496037585,4550649,205.65534062084168,2689.4341811220474,0
2013,Ihorombe,24.72450077746863,35.08505699333462,6.5224295154575085,27.13972602739726,35.0,15.73150684931507,7.0,1382.8,74.2,86.32328767123288,45.0,16.471232876712328,1017.290410958904,21.073630136986303,5.838356164383562,3934.5,10.77945205479452,179.0,0.0,1196.6,45.0,0.0,164.3,25.565217391304348,2.3,5.5,1.3,72.0,,63750.0,1.78,34.5,,,,467000.0,407815.5950022856,26500.0,15.389267735935306,3,0,0,2,0.5406408174555976,0.8412535328311812,24.72450077746863,0.0,24.72450077746863,35.08505699333462,0.0,35.08505699333462,6.5224295154575085,0.0,6.5224295154575085,17.87718195953975,3.478963846185599,32.09728308969721,1.778230842981143,6.122259911901366,0.7342644517204212,19.62664595559536,11.40821917808219,1.835,False,False,False,False,False,False,False,False,False,False,False,False,False,True,False,False,False,False,False,False,False,3222.9938264013444,1869.6956328105864,-7.96964826491603,,,,,8.6,1.5,80.99,7.6,ENSOMD_2012,46.5,,24.0,57.4,52.6,53.90909090909091,52.3,18.5,65.8,73.6,1.0,62.3,1491.1,47.1,9.5,16.1,8.1,37.4,,19.4,-0.66,3.9,2137.0,1678.0,0.28,1.67,1.7,,0.2,0.1,380848.0,229684.0,16581.0,3114578.0,401316.0,77609.0,136.8814248515654,3610626,158.68205306982463,2121.6368917997006,0
2014,Ihorombe,15.6,30.5,6.7,27.13150684931507,34.0,15.895890410958904,6.0,1181.4,55.5,87.12328767123287,43.0,16.824657534246576,1017.4027397260274,21.523972602739725,5.7753424657534245,3923.5,10.74931506849315,169.0,0.0,1028.3,39.0,0.0,102.5,25.67934782608696,3.3,7.2,1.5,72.5,,49223.0,1.55,16.8,,,,467000.0,419396.3126618925,26500.0,15.826275949505378,4,45000,68,3,0.9096319953545184,0.4154150130018864,24.72450077746863,-9.124500777468633,21.683000518312426,35.08505699333462,-4.585056993334618,33.55670466222308,6.5224295154575085,0.1775704845424917,6.581619676971672,17.87718195953975,3.478963846185599,32.09728308969721,1.778230842981143,6.122259911901366,0.7342644517204212,22.96555514585667,11.235616438356166,2.5170000000000003,False,False,False,False,False,False,False,False,False,False,False,False,False,True,False,False,False,False,False,False,False,3247.217788854804,1845.951058261545,0.7515981648809733,,,,,8.6,1.5,80.99,7.6,MICS_2018,45.7,,35.0,57.4,52.6,54.345454545454544,52.3,18.5,65.8,73.6,1.0,62.3,1500.9,48.0,9.9,16.7,8.4,37.4,,19.4,-0.56,10.5,2142.0,1681.0,0.28,1.67,1.7,,0.2,0.1,366172.0,217542.0,16832.0,2929743.0,376323.0,77852.0,125.20280318296454,3977863,169.99429584021428,2178.91649461231,0
2015,Ihorombe,15.6,30.5,6.7,26.89041095890411,36.0,16.397260273972602,7.0,1780.2,82.2,84.99178082191781,47.0,16.21917808219178,1017.4027397260274,22.898630136986306,5.756164383561644,3881.3,10.633698630136983,180.0,1.0,1471.3,47.0,0.0,250.2,25.744565217391305,3.3,8.2,1.8,73.0,,47507.0,2.71,53.6,,,,467000.0,431261.6562547616,26500.0,16.274024764330626,3,0,0,1,0.9898214418809328,-0.142314838273285,15.6,0.0,18.641500259156206,30.5,0.0,32.02835233111154,6.7,0.0,6.640809838485836,17.87718195953975,3.478963846185599,32.09728308969721,1.778230842981143,6.122259911901366,0.7342644517204212,15.105275226886928,10.493150684931509,1.4409999999999998,False,False,False,False,False,False,False,False,False,False,False,False,False,True,False,False,False,False,False,False,False,3155.481221746184,1718.2949329657465,-2.8250820571222857,,,,,8.6,1.5,80.99,7.6,MICS_2018,45.0,,52.0,57.4,52.6,54.78181818181818,52.3,18.5,65.8,73.6,1.0,62.3,1508.4,48.9,10.3,17.3,8.7,37.4,,19.3,-0.43,11.0,2147.0,1684.0,0.28,1.67,1.7,,0.2,0.1,329367.0,192137.0,17142.0,2676952.0,346550.0,77246.0,111.25226780008892,3722304,154.69637163510671,1971.071038912372,0
2016,Ihorombe,15.6,30.5,6.7,26.85792349726776,34.0,16.25136612021858,8.0,1607.1,56.8,86.0464480874317,37.0,15.737704918032788,1018.1311475409836,21.14310109289617,5.8497267759562845,3933.2,10.746448087431691,195.0,0.0,1441.3,30.0,0.0,114.2,24.80434782608696,4.2,6.9,2.0,74.0,,53093.0,2.72,57.1,,,,467000.0,442842.3739143684,26500.0,16.711032977900693,3,10000,15,3,0.7557495743542583,-0.654860733945285,15.6,0.0,15.6,30.5,0.0,30.5,6.7,0.0,6.7,17.87718195953975,3.478963846185599,32.09728308969721,1.778230842981143,6.122259911901366,0.7342644517204212,16.712042497210977,10.606557377049178,2.19,False,False,False,False,False,False,False,False,False,False,False,False,False,True,False,False,False,False,False,False,False,3184.2017671732337,1616.7507251586012,0.910179570365388,,,,,8.6,1.5,80.99,7.6,MICS_2018,44.2,,69.0,57.4,52.6,55.21818181818182,52.3,18.5,65.8,73.6,1.0,62.3,1528.6,49.8,10.7,17.9,9.1,37.5,,19.2,-0.29,11.2,2151.0,1687.0,0.28,1.67,1.7,,0.2,,316331.0,182758.0,17309.0,2629478.0,342723.0,76723.0,106.42153195622512,3815849,154.4369248549065,1947.4073647181729,0
2017,Ihorombe,15.6,30.5,6.7,27.575342465753423,38.0,16.693150684931506,10.0,1341.4,53.2,84.43835616438356,40.0,14.427397260273972,1017.6054794520549,19.832876712328765,5.997260273972603,3942.0,10.8,179.0,6.0,1229.3,33.0,0.0,71.9,26.77717391304348,4.1,8.4,2.5,75.0,,59602.0,3.19,58.7,3.08,,,467000.0,454867.8195946976,26500.0,17.164823380931985,3,83000,80,4,0.2817325568414296,-0.9594929736144974,15.6,0.0,15.6,30.5,0.0,30.5,6.7,0.0,6.7,17.87718195953975,3.478963846185599,32.09728308969721,1.778230842981143,6.122259911901366,0.7342644517204212,20.55713617545357,10.88219178082192,2.599,False,False,False,False,False,False,False,False,False,False,False,False,False,True,False,False,False,False,False,False,False,3207.061056780647,1661.9746049336782,0.71789702031686,,,,,8.6,1.5,80.99,7.6,MICS_2018,43.4,,59.0,57.4,52.6,55.654545454545456,52.3,18.5,65.8,73.6,1.0,62.3,1548.2,50.7,11.1,18.5,9.4,37.5,,19.0,-0.3,10.1,2155.0,1690.0,0.28,1.67,1.7,,0.2,,281487.0,161716.0,17406.0,2522722.0,328799.0,76725.0,99.40158663107492,3600500,141.86874838574573,1796.1182409858354,0
2018,Ihorombe,15.6,30.5,6.7,28.28219178082192,35.0,16.446575342465753,10.0,927.5,77.5,82.77260273972603,31.0,12.813698630136988,1017.331506849315,16.417123287671235,6.084931506849316,3957.9,10.843561643835615,140.0,0.0,738.3,31.0,0.0,97.9,26.88043478260869,4.6,8.6,4.2,75.3,4000.0,60114.0,5.59,93.6,3.18,,,467000.0,467000.0,26500.0,17.62264150943396,2,0,0,2,-0.2817325568414294,-0.9594929736144976,15.6,0.0,15.6,30.5,0.0,30.5,6.7,0.0,6.7,17.87718195953975,3.478963846185599,32.09728308969721,1.778230842981143,6.122259911901366,0.7342644517204212,30.492929143743307,11.835616438356166,1.493,False,False,False,False,False,False,False,False,False,False,False,False,False,True,False,False,False,False,False,False,False,3309.0533149764565,1665.830970966667,3.1802406125124527,,,,,8.6,1.5,80.99,7.6,MICS_2018,42.4,6.4,25.0,57.4,52.6,56.090909090909086,52.3,18.5,65.8,73.6,1.0,62.3,1557.3,51.6,11.5,19.2,9.7,37.7,50.6,18.9,-0.58,2.5,2159.0,1692.0,0.28,1.67,1.7,0.3,0.2,0.1,215000.0,122963.0,17485.0,2500000.0,319450.0,78260.0,95.9471906662573,4030000,154.66687135400676,1903.6974104247545,0
2019,Ihorombe,17.3,32.6,5.2,28.413698630136988,38.0,16.865753424657534,7.0,1533.0,47.5,83.85205479452055,33.0,13.64109589041096,1017.172602739726,20.84075342465753,6.013698630136986,3906.3,10.702191780821916,169.0,18.0,1251.6,32.0,0.0,213.7,26.85326086956522,5.0,6.3,4.0,75.2,4600.0,65760.0,11.2,92.5,3.21,,,467000.0,479808.1669968002,26500.0,18.10596856591699,2,0,0,1,-0.7557495743542582,-0.6548607339452852,15.6,1.700000000000001,16.166666666666668,30.5,2.1000000000000014,31.2,6.7,-1.5,6.2,17.87718195953975,3.478963846185599,32.09728308969721,1.778230842981143,6.122259911901366,0.7342644517204212,18.53470230276385,11.547945205479454,1.096,False,False,False,False,False,False,False,False,False,False,False,False,False,True,False,False,False,False,False,False,False,3560.435825605637,1745.795143860416,7.596810528601883,,,,,8.6,1.5,80.99,7.6,EDSM_2021,41.4,,20.0,57.4,52.6,56.52727272727273,52.3,18.5,65.8,73.6,1.0,62.3,1585.5,52.5,11.9,19.9,10.1,37.8,,18.8,-0.32,3.0,2163.0,1695.0,0.28,1.67,1.7,,0.2,0.1,219220.0,126258.0,17363.0,2913862.0,369977.0,78758.0,108.84550003093987,3910629,146.0791104522089,1877.889552417082,0
2020,Ihorombe,17.3,32.6,5.2,28.363387978142075,38.0,15.871584699453551,8.0,789.6,74.0,84.46994535519126,27.0,13.81967213114754,1017.1311475409836,23.27493169398907,6.049180327868853,3820.0,10.437158469945356,133.0,7.0,699.2,26.0,0.0,37.3,26.565217391304348,5.5,7.2,4.5,77.4,,,0.98,102.5,3.2,,,467000.0,492598.54487277154,26500.0,18.588624334821567,3,0,0,2,-0.9898214418809328,-0.1423148382732852,17.3,0.0,16.733333333333334,32.6,0.0,31.9,5.2,0.0,5.7,17.87718195953975,3.478963846185599,32.09728308969721,1.778230842981143,6.122259911901366,0.7342644517204212,35.92121071193272,12.491803278688524,1.778,False,False,False,False,False,False,False,False,False,False,False,False,False,True,False,False,False,False,False,False,False,3583.02095770052,1996.883604241949,0.6343361656024449,,,,,8.6,1.5,80.99,7.6,EDSM_2021,40.4,,22.0,57.4,52.6,56.96363636363636,52.3,18.5,65.8,73.6,1.0,62.3,1436.2,53.4,12.3,20.5,10.4,,,18.7,-0.53,4.2,2167.0,1697.0,0.28,1.67,1.6,,0.2,0.1,224883.0,127026.0,17704.0,2599679.0,328226.0,79204.0,94.58793328879533,4227927,153.830867974814,1889.7225511614288,0
2021,Ihorombe,17.3,32.6,5.2,29.23013698630137,40.0,15.895890410958904,7.0,1163.7,70.1,84.95890410958904,32.0,14.202739726027398,1017.8657534246576,25.48904109589041,6.134246575342465,3781.7,10.360821917808218,141.0,39.0,1097.0,32.0,0.0,35.4,27.592391304347824,6.0,5.5,5.0,78.0,,,,,3.34,0.41,0.43,467000.0,505691.3378028341,26500.0,19.082691992559777,2,3000,5,2,-0.9096319953545186,0.415415013001886,17.3,0.0,17.3,32.6,0.0,32.6,5.2,0.0,5.2,17.87718195953975,3.478963846185599,32.09728308969721,1.778230842981143,6.122259911901366,0.7342644517204212,25.11827531692135,13.334246575342467,1.496,False,False,False,False,False,False,False,False,False,False,False,False,False,True,False,False,False,False,False,False,False,,,,,,,,8.6,1.5,80.99,7.6,EDSM_2021,39.4,7.2,15.0,57.4,52.6,57.4,52.3,18.5,65.8,73.6,1.0,62.3,1463.6,,,,,,54.4,,-0.64,,2184.0,1709.0,0.28,1.67,1.6,0.3,,,232026.0,126200.0,18386.0,2439642.0,306295.0,79650.0,86.46686673995505,4391386,155.6414375821142,1871.484981702268,0
2022,Ihorombe,17.3,32.6,5.2,29.33150684931507,38.0,15.687671232876712,8.0,991.4,60.5,85.8054794520548,45.0,14.501369863013698,1017.8164383561644,27.47876712328767,6.021917808219178,3756.0,10.29041095890411,135.0,20.0,885.8,45.0,0.0,68.7,28.51086956521739,3.8,10.6,5.5,77.5,,,,,3.65,,,467000.0,519033.178424501,26500.0,19.58615767639626,4,0,0,4,-0.5406408174555974,0.8412535328311812,17.3,0.0,17.3,32.6,0.0,32.6,5.2,0.0,5.2,17.87718195953975,3.478963846185599,32.09728308969721,1.778230842981143,6.122259911901366,0.7342644517204212,29.58594598478421,13.643835616438356,2.935,False,False,False,False,False,False,False,False,False,False,False,False,False,True,False,False,False,False,False,False,False,,,,,,,,8.6,1.5,80.99,7.6,EDSM_2021,38.6,7.2,,57.4,52.6,57.83636363636363,52.3,18.5,65.8,73.6,1.0,62.3,,,,,,,,,,,2187.0,1711.0,0.3,1.67,1.6,,,,,,,,,,,4200000,145.03182270084608,1390.716108090305,0
2012,Itasy,43.19181670717882,62.34245352954778,6.942181776265986,21.83606557377049,28.0,13.581967213114757,7.0,4065.6,145.7,93.59836065573772,57.0,16.89344262295082,1018.2540983606556,45.23668032786885,4.538251366120218,7783.5,10.633196721311476,552.0,0.0,3598.8,57.0,2.0,180.6,20.342391304347824,3.1,6.1,5.4,71.5,,66900.0,1.54,20.2,,,,894000.0,759212.0981258571,6993.0,108.56743859943616,2,0,0,1,0.0,1.0,,,43.19181670717882,,,62.34245352954778,,,6.942181776265986,30.334875764941604,6.390809780569338,50.55317336900869,6.607165123713107,5.407669413866543,1.2472370361360428,5.370933090754253,8.254098360655735,1.171,False,False,False,False,False,False,False,False,False,False,False,False,False,False,True,False,False,False,False,False,False,3502.0987811488167,2090.852667066967,,,,,,3.7,0.7,85.27,5.6,ENSOMD_2012,47.3,7.5,21.0,68.3,62.8,63.8,48.1,12.8,62.1,72.1,0.9,58.6,1497.0,46.2,9.1,15.5,7.7,37.5,41.9,19.5,-0.54,4.6,2133.0,1675.0,0.28,1.69,1.7,0.3,0.2,0.1,447948.0,269997.0,16591.0,3621309.0,475658.0,76133.0,163.65611496037585,4550649,205.65534062084168,2689.4341811220474,0
2013,Itasy,43.19181670717882,62.34245352954778,6.942181776265986,22.068493150684933,29.0,13.597260273972603,5.0,3698.2,118.1,92.86575342465754,36.0,16.350684931506848,1018.7835616438356,43.46541095890411,4.468493150684932,7843.9,10.745068493150685,548.0,0.0,3510.0,35.0,0.0,155.0,20.32608695652174,2.3,5.5,1.3,72.0,,63750.0,1.78,34.5,,,,894000.0,780700.5180557672,6993.0,111.64028572226044,3,0,0,2,0.5406408174555976,0.8412535328311812,43.19181670717882,0.0,43.19181670717882,62.34245352954778,0.0,62.34245352954778,6.942181776265986,0.0,6.942181776265986,30.334875764941604,6.390809780569338,50.55317336900869,6.607165123713107,5.407669413866543,1.2472370361360428,5.967360648608764,8.47123287671233,1.805,False,False,False,False,False,False,False,False,False,False,False,False,False,False,True,False,False,False,False,False,False,3222.9938264013444,1869.6956328105864,-7.96964826491603,,,,,3.7,0.7,85.27,5.6,ENSOMD_2012,46.5,,24.0,68.3,62.8,64.3,48.1,12.8,62.1,72.1,0.9,58.6,1491.1,47.1,9.5,16.1,8.1,37.4,,19.4,-0.66,3.9,2137.0,1678.0,0.28,1.67,1.7,,0.2,0.1,380848.0,229684.0,16581.0,3114578.0,401316.0,77609.0,136.8814248515654,3610626,158.68205306982463,2121.6368917997006,0
2014,Itasy,28.1,45.0,6.0,22.312328767123287,28.0,13.695890410958905,6.0,2317.8,91.5,92.52054794520548,41.0,16.873972602739727,1018.8684931506848,43.0958904109589,4.523287671232877,7864.299999999999,10.773013698630136,514.0,0.0,2112.2,34.0,0.0,177.4,20.75543478260869,3.3,7.2,1.5,72.5,,49223.0,1.55,16.8,,,,894000.0,802870.0289501753,6993.0,114.81052895040402,4,45000,68,3,0.9096319953545184,0.4154150130018864,43.19181670717882,-15.091816707178822,38.16121113811922,62.34245352954778,-17.342453529547782,56.56163568636519,6.942181776265986,-0.9421817762659864,6.628121184177324,30.334875764941604,6.390809780569338,50.55317336900869,6.607165123713107,5.407669413866543,1.2472370361360428,9.626511677937392,8.616438356164382,2.502,False,False,False,False,False,False,False,False,False,False,False,False,False,False,True,False,False,False,False,False,False,3247.217788854804,1845.951058261545,0.7515981648809733,,,,,3.7,0.7,85.27,5.6,MICS_2018,45.7,,35.0,68.3,62.8,64.8,48.1,12.8,62.1,72.1,0.9,58.6,1500.9,48.0,9.9,16.7,8.4,37.4,,19.4,-0.56,10.5,2142.0,1681.0,0.28,1.67,1.7,,0.2,0.1,366172.0,217542.0,16832.0,2929743.0,376323.0,77852.0,125.20280318296454,3977863,169.99429584021428,2178.91649461231,0
2015,Itasy,28.1,45.0,6.0,22.649315068493152,29.0,13.986301369863014,6.0,4112.8,81.8,90.43561643835616,51.0,17.942465753424656,1018.9561643835616,37.21404109589041,4.816438356164384,7743.4,10.607397260273972,372.0,0.0,3877.8,51.0,2.0,205.8,21.190217391304348,3.3,8.2,1.8,73.0,,47507.0,2.71,53.6,,,,894000.0,825584.4126161817,6993.0,118.05868906280304,3,0,0,1,0.9898214418809328,-0.142314838273285,28.1,0.0,33.13060556905961,45.0,0.0,50.7808178431826,6.0,0.0,6.314060592088662,30.334875764941604,6.390809780569338,50.55317336900869,6.607165123713107,5.407669413866543,1.2472370361360428,5.507030506830663,8.663013698630138,1.4529999999999998,False,False,False,False,False,False,False,False,False,False,False,False,False,False,True,False,False,False,False,False,False,3155.481221746184,1718.2949329657465,-2.8250820571222857,,,,,3.7,0.7,85.27,5.6,MICS_2018,45.0,,52.0,68.3,62.8,65.3,48.1,12.8,62.1,72.1,0.9,58.6,1508.4,48.9,10.3,17.3,8.7,37.4,,19.3,-0.43,11.0,2147.0,1684.0,0.28,1.67,1.7,,0.2,0.1,329367.0,192137.0,17142.0,2676952.0,346550.0,77246.0,111.25226780008892,3722304,154.69637163510671,1971.071038912372,0
2016,Itasy,28.1,45.0,6.0,22.363387978142075,29.0,13.442622950819672,6.0,3283.0,138.7,90.84426229508196,41.0,17.549180327868854,1019.7049180327868,35.45628415300546,4.69672131147541,7898.8,10.790710382513662,380.0,0.0,3098.6,28.0,0.0,168.6,20.157608695652176,4.2,6.9,2.0,74.0,,53093.0,2.72,57.1,,,,894000.0,847753.9235105896,6993.0,121.2289322909466,3,10000,15,3,0.7557495743542583,-0.654860733945285,28.1,0.0,28.1,45.0,0.0,45.0,6.0,0.0,6.0,30.334875764941604,6.390809780569338,50.55317336900869,6.607165123713107,5.407669413866543,1.2472370361360428,6.811875716765786,8.920765027322403,2.184,False,False,False,False,False,False,False,False,False,False,False,False,False,False,True,False,False,False,False,False,False,3184.2017671732337,1616.7507251586012,0.910179570365388,,,,,3.7,0.7,85.27,5.6,MICS_2018,44.2,,69.0,68.3,62.8,65.8,48.1,12.8,62.1,72.1,0.9,58.6,1528.6,49.8,10.7,17.9,9.1,37.5,,19.2,-0.29,11.2,2151.0,1687.0,0.28,1.67,1.7,,0.2,,316331.0,182758.0,17309.0,2629478.0,342723.0,76723.0,106.42153195622512,3815849,154.4369248549065,1947.4073647181729,0
2017,Itasy,28.1,45.0,6.0,23.23835616438356,31.0,13.934246575342463,7.0,2823.0,68.6,90.4,55.0,15.813698630136988,1019.1561643835616,32.71027397260274,4.882191780821918,7965.599999999999,10.911780821917809,434.0,0.0,2466.8,55.0,2.0,306.4,21.88043478260869,4.1,8.4,2.5,75.0,,59602.0,3.19,58.7,3.08,,,894000.0,870774.7981106201,6993.0,124.52092065073931,3,83000,80,4,0.2817325568414296,-0.9594929736144974,28.1,0.0,28.1,45.0,0.0,45.0,6.0,0.0,6.0,30.334875764941604,6.390809780569338,50.55317336900869,6.607165123713107,5.407669413866543,1.2472370361360428,8.231794603040582,9.304109589041095,2.665,False,False,False,False,False,False,False,False,False,False,False,False,False,False,True,False,False,False,False,False,False,3207.061056780647,1661.9746049336782,0.71789702031686,,,,,3.7,0.7,85.27,5.6,MICS_2018,43.4,,59.0,68.3,62.8,66.3,48.1,12.8,62.1,72.1,0.9,58.6,1548.2,50.7,11.1,18.5,9.4,37.5,,19.0,-0.3,10.1,2155.0,1690.0,0.28,1.67,1.7,,0.2,,281487.0,161716.0,17406.0,2522722.0,328799.0,76725.0,99.40158663107492,3600500,141.86874838574573,1796.1182409858354,0
2018,Itasy,28.1,45.0,6.0,23.83561643835617,30.0,14.186301369863012,8.0,2793.4,46.2,88.81095890410958,33.0,15.145205479452056,1018.8602739726028,29.441438356164383,5.098630136986301,7996.4,10.953972602739723,402.0,0.0,2606.6,33.0,0.0,134.2,22.32608695652174,4.6,8.6,4.2,75.3,604000.0,60114.0,5.59,93.6,3.18,,,894000.0,894000.0,6993.0,127.84212784212784,2,0,0,2,-0.2817325568414294,-0.9594929736144976,28.1,0.0,28.1,45.0,0.0,45.0,6.0,0.0,6.0,30.334875764941604,6.390809780569338,50.55317336900869,6.607165123713107,5.407669413866543,1.2472370361360428,8.532833263534103,9.649315068493152,1.499,False,False,False,False,False,False,False,False,False,False,False,False,False,False,True,False,False,False,False,False,False,3309.0533149764565,1665.830970966667,3.1802406125124527,,,,,3.7,0.7,85.27,5.6,MICS_2018,42.4,6.4,25.0,68.3,62.8,66.8,48.1,12.8,62.1,72.1,0.9,58.6,1557.3,51.6,11.5,19.2,9.7,37.7,50.6,18.9,-0.58,2.5,2159.0,1692.0,0.28,1.67,1.7,0.3,0.2,0.1,215000.0,122963.0,17485.0,2500000.0,319450.0,78260.0,95.9471906662573,4030000,154.66687135400676,1903.6974104247545,0
2019,Itasy,26.7,51.6,3.9,24.66301369863013,34.0,14.865753424657534,5.0,3850.0,57.5,88.76438356164384,28.0,13.742465753424655,1018.8,33.041438356164385,5.082191780821918,7909.0,10.834246575342464,472.0,0.0,3301.8,23.0,0.0,352.4,23.157608695652176,5.0,6.3,4.0,75.2,680000.0,65760.0,11.2,92.5,3.21,,,894000.0,918519.274721926,6993.0,131.34838763362305,2,0,0,1,-0.7557495743542582,-0.6548607339452852,28.1,-1.400000000000002,27.633333333333336,45.0,6.600000000000001,47.2,6.0,-2.1,5.3,30.334875764941604,6.390809780569338,50.55317336900869,6.607165123713107,5.407669413866543,1.2472370361360428,6.405977584059776,9.797260273972604,1.069,False,False,False,False,False,False,False,False,False,False,False,False,False,False,True,False,False,False,False,False,False,3560.435825605637,1745.795143860416,7.596810528601883,,,,,3.7,0.7,85.27,5.6,EDSM_2021,41.4,,20.0,68.3,62.8,67.3,48.1,12.8,62.1,72.1,0.9,58.6,1585.5,52.5,11.9,19.9,10.1,37.8,,18.8,-0.32,3.0,2163.0,1695.0,0.28,1.67,1.7,,0.2,0.1,219220.0,126258.0,17363.0,2913862.0,369977.0,78758.0,108.84550003093987,3910629,146.0791104522089,1877.889552417082,0
2020,Itasy,26.7,51.6,3.9,24.00546448087432,35.0,13.797814207650273,5.0,4303.4,149.9,90.6256830601093,29.0,14.245901639344265,1018.74043715847,45.927254098360656,4.8469945355191255,7345.5,10.03483606557377,400.0,0.0,4043.4,23.0,0.0,163.2,22.47826086956522,5.5,7.2,4.5,77.4,,,0.98,102.5,3.2,,,894000.0,943004.4948956268,6993.0,134.84977761985226,3,0,0,2,-0.9898214418809328,-0.1423148382732852,26.7,0.0,27.166666666666668,51.6,0.0,49.4,3.9,0.0,4.6000000000000005,30.334875764941604,6.390809780569338,50.55317336900869,6.607165123713107,5.407669413866543,1.2472370361360428,5.578255444735399,10.207650273224044,1.769,False,False,False,False,False,False,False,False,False,False,False,False,False,False,True,False,False,False,False,False,False,3583.02095770052,1996.883604241949,0.6343361656024449,,,,,3.7,0.7,85.27,5.6,EDSM_2021,40.4,,22.0,68.3,62.8,67.8,48.1,12.8,62.1,72.1,0.9,58.6,1436.2,53.4,12.3,20.5,10.4,,,18.7,-0.53,4.2,2167.0,1697.0,0.28,1.67,1.6,,0.2,0.1,224883.0,127026.0,17704.0,2599679.0,328226.0,79204.0,94.58793328879533,4227927,153.830867974814,1889.7225511614288,0
2021,Itasy,26.7,51.6,3.9,25.15068493150685,36.0,13.747945205479452,6.0,3169.2,68.5,89.65205479452055,25.0,14.063013698630137,1019.6739726027396,44.69315068493151,4.920547945205479,7374.8,10.102465753424658,430.0,8.0,2936.6,23.0,0.0,89.0,23.342391304347824,6.0,5.5,5.0,78.0,,,,,3.34,0.41,0.43,894000.0,968068.6423891514,6993.0,138.43395429560294,2,3000,5,2,-0.9096319953545186,0.415415013001886,26.7,0.0,26.7,51.6,0.0,51.6,3.9,0.0,3.9,30.334875764941604,6.390809780569338,50.55317336900869,6.607165123713107,5.407669413866543,1.2472370361360428,7.935972779094676,11.402739726027397,1.469,False,False,False,False,False,False,False,False,False,False,False,False,False,False,True,False,False,False,False,False,False,,,,,,,,3.7,0.7,85.27,5.6,EDSM_2021,39.4,7.2,15.0,68.3,62.8,68.3,48.1,12.8,62.1,72.1,0.9,58.6,1463.6,,,,,,54.4,,-0.64,,2184.0,1709.0,0.28,1.67,1.6,0.3,,,232026.0,126200.0,18386.0,2439642.0,306295.0,79650.0,86.46686673995505,4391386,155.6414375821142,1871.484981702268,0
2022,Itasy,26.7,51.6,3.9,24.542465753424658,33.0,13.126027397260271,5.0,3969.2,106.7,89.64657534246575,49.0,15.189041095890412,1019.6986301369864,46.147602739726025,4.778082191780822,7312.5,10.017123287671232,384.0,0.0,3782.0,49.0,0.0,123.8,23.532608695652176,3.8,10.6,5.5,77.5,,,,,3.65,,,894000.0,993609.553557824,6993.0,142.08630824507708,4,0,0,4,-0.5406408174555974,0.8412535328311812,26.7,0.0,26.7,51.6,0.0,51.6,3.9,0.0,3.9,30.334875764941604,6.390809780569338,50.55317336900869,6.607165123713107,5.407669413866543,1.2472370361360428,6.183227288477441,11.416438356164385,2.947,False,False,False,False,False,False,False,False,False,False,False,False,False,False,True,False,False,False,False,False,False,,,,,,,,3.7,0.7,85.27,5.6,EDSM_2021,38.6,7.2,,68.3,62.8,68.8,48.1,12.8,62.1,72.1,0.9,58.6,,,,,,,,,,,2187.0,1711.0,0.3,1.67,1.6,,,,,,,,,,,4200000,145.03182270084608,1390.716108090305,0
2012,Melaky,26.85028370272093,41.646819944508856,9.778595276968192,29.83606557377049,35.0,23.887978142076506,18.0,5387.2,153.6,80.53551912568307,50.0,17.651639344262296,1014.3784153005464,22.102459016393443,6.706284153005464,7795.4,10.649453551912568,452.0,0.0,4252.5,50.0,0.0,237.0,29.320652173913043,3.1,6.1,5.4,71.5,,66900.0,1.54,20.2,,,,309000.0,262412.23525826604,38800.0,6.763201939646032,2,0,0,1,0.0,1.0,,,26.85028370272093,,,41.646819944508856,,,9.778595276968192,18.44550612776744,5.000318094167946,27.31760362627434,7.253337688789045,6.696108232176036,1.5269358583227053,5.538325210456358,5.948087431693988,1.15,False,False,False,False,False,False,False,False,False,False,False,False,False,False,False,True,False,False,False,False,False,3502.0987811488167,2090.852667066967,,,,,,2.2,0.2,85.52,2.0,ENSOMD_2012,47.3,7.5,21.0,70.2,68.4,68.72727272727272,25.3,6.1,35.2,53.1,0.5,38.2,1497.0,46.2,9.1,15.5,7.7,37.5,41.9,19.5,-0.54,4.6,2133.0,1675.0,0.28,1.69,1.7,0.3,0.2,0.1,447948.0,269997.0,16591.0,3621309.0,475658.0,76133.0,163.65611496037585,4550649,205.65534062084168,2689.4341811220474,0
2013,Melaky,26.85028370272093,41.646819944508856,9.778595276968192,30.257534246575343,35.0,23.815068493150687,18.0,3064.4,118.9,79.22739726027397,43.0,17.23835616438356,1015.0315068493152,18.6263698630137,6.664383561643835,7878.8,10.792876712328768,396.0,0.0,2731.4,43.0,0.0,139.8,29.30163043478261,2.3,5.5,1.3,72.0,,63750.0,1.78,34.5,,,,309000.0,269839.44080451014,38800.0,6.954624763002839,3,0,0,2,0.5406408174555976,0.8412535328311812,26.85028370272093,0.0,26.85028370272093,41.646819944508856,0.0,41.646819944508856,9.778595276968192,0.0,9.778595276968192,18.44550612776744,5.000318094167946,27.31760362627434,7.253337688789045,6.696108232176036,1.5269358583227053,9.87388534348497,6.442465753424656,1.829,False,False,False,False,False,False,False,False,False,False,False,False,False,False,False,True,False,False,False,False,False,3222.9938264013444,1869.6956328105864,-7.96964826491603,,,,,2.2,0.2,85.52,2.0,ENSOMD_2012,46.5,,24.0,70.2,68.4,68.89090909090909,25.3,6.1,35.2,53.1,0.5,38.2,1491.1,47.1,9.5,16.1,8.1,37.4,,19.4,-0.66,3.9,2137.0,1678.0,0.28,1.67,1.7,,0.2,0.1,380848.0,229684.0,16581.0,3114578.0,401316.0,77609.0,136.8814248515654,3610626,158.68205306982463,2121.6368917997006,0
2014,Melaky,19.2,25.6,6.1,29.98493150684932,36.0,23.698630136986303,17.0,3389.3,130.1,79.56712328767124,46.0,18.117808219178084,1015.2301369863012,20.73493150684932,6.715068493150685,7799.4,10.684109589041096,381.0,1.0,2961.5,46.0,0.0,156.4,29.315217391304348,3.3,7.2,1.5,72.5,,49223.0,1.55,16.8,,,,309000.0,277502.0569861344,38800.0,7.15211487077666,4,45000,68,3,0.9096319953545184,0.4154150130018864,26.85028370272093,-7.650283702720927,24.30018913514728,41.646819944508856,-16.046819944508854,36.297879963005904,9.778595276968192,-3.6785952769681938,8.55239685131213,18.44550612776744,5.000318094167946,27.31760362627434,7.253337688789045,6.696108232176036,1.5269358583227053,8.84693934052734,6.286301369863011,2.5380000000000003,False,False,False,False,False,False,False,False,False,False,False,False,False,False,False,True,False,False,False,False,False,3247.217788854804,1845.951058261545,0.7515981648809733,,,,,2.2,0.2,85.52,2.0,MICS_2018,45.7,,35.0,70.2,68.4,69.05454545454546,25.3,6.1,35.2,53.1,0.5,38.2,1500.9,48.0,9.9,16.7,8.4,37.4,,19.4,-0.56,10.5,2142.0,1681.0,0.28,1.67,1.7,,0.2,0.1,366172.0,217542.0,16832.0,2929743.0,376323.0,77852.0,125.20280318296454,3977863,169.99429584021428,2178.91649461231,0
2015,Melaky,19.2,25.6,6.1,31.13013698630137,38.0,24.02739726027397,18.0,5202.2,258.8,77.68082191780822,65.0,18.19041095890411,1015.2013698630136,25.525171232876712,6.7465753424657535,7654.599999999999,10.485753424657531,452.0,16.0,4666.4,65.0,1.0,282.9,30.95652173913044,3.3,8.2,1.8,73.0,,47507.0,2.71,53.6,,,,309000.0,285353.0016760628,38800.0,7.354458806084093,3,0,0,1,0.9898214418809328,-0.142314838273285,19.2,0.0,21.75009456757364,25.6,0.0,30.94893998150296,6.1,0.0,7.326198425656064,18.44550612776744,5.000318094167946,27.31760362627434,7.253337688789045,6.696108232176036,1.5269358583227053,5.984033098746948,7.102739726027398,1.495,False,False,False,False,False,False,False,False,False,False,False,False,False,False,False,True,False,False,False,False,False,3155.481221746184,1718.2949329657465,-2.8250820571222857,,,,,2.2,0.2,85.52,2.0,MICS_2018,45.0,,52.0,70.2,68.4,69.21818181818182,25.3,6.1,35.2,53.1,0.5,38.2,1508.4,48.9,10.3,17.3,8.7,37.4,,19.3,-0.43,11.0,2147.0,1684.0,0.28,1.67,1.7,,0.2,0.1,329367.0,192137.0,17142.0,2676952.0,346550.0,77246.0,111.25226780008892,3722304,154.69637163510671,1971.071038912372,0
2016,Melaky,19.2,25.6,6.1,31.061475409836067,37.0,23.96448087431694,18.0,4656.5,281.2,78.27868852459017,34.0,17.26366120218579,1015.9658469945356,24.631830601092897,6.718579234972678,7855.099999999999,10.731010928961748,482.0,6.0,4180.3,34.0,0.0,250.3,30.04891304347826,4.2,6.9,2.0,74.0,,53093.0,2.72,57.1,,,,309000.0,293015.617857687,38800.0,7.551948913857912,3,10000,15,3,0.7557495743542583,-0.654860733945285,19.2,0.0,19.2,25.6,0.0,25.6,6.1,0.0,6.1,18.44550612776744,5.000318094167946,27.31760362627434,7.253337688789045,6.696108232176036,1.5269358583227053,6.670562742367887,7.096994535519126,2.202,False,False,False,False,False,False,False,False,False,False,False,False,False,False,False,True,False,False,False,False,False,3184.2017671732337,1616.7507251586012,0.910179570365388,,,,,2.2,0.2,85.52,2.0,MICS_2018,44.2,,69.0,70.2,68.4,69.38181818181819,25.3,6.1,35.2,53.1,0.5,38.2,1528.6,49.8,10.7,17.9,9.1,37.5,,19.2,-0.29,11.2,2151.0,1687.0,0.28,1.67,1.7,,0.2,,316331.0,182758.0,17309.0,2629478.0,342723.0,76723.0,106.42153195622512,3815849,154.4369248549065,1947.4073647181729,0
2017,Melaky,19.2,25.6,6.1,31.60821917808219,38.0,24.53013698630137,19.0,4422.7,99.7,77.47808219178083,33.0,17.05890410958904,1015.2630136986302,22.487328767123287,6.849315068493151,7857.2,10.763287671232876,470.0,13.0,3607.0,31.0,0.0,367.7,31.05434782608696,4.1,8.4,2.5,75.0,,59602.0,3.19,58.7,3.08,,,309000.0,300972.4973335365,38800.0,7.757023127153003,3,83000,80,4,0.2817325568414296,-0.9594929736144974,19.2,0.0,19.2,25.6,0.0,25.6,6.1,0.0,6.1,18.44550612776744,5.000318094167946,27.31760362627434,7.253337688789045,6.696108232176036,1.5269358583227053,7.146815107984306,7.078082191780823,2.593,False,False,False,False,False,False,False,False,False,False,False,False,False,False,False,True,False,False,False,False,False,3207.061056780647,1661.9746049336782,0.71789702031686,,,,,2.2,0.2,85.52,2.0,MICS_2018,43.4,,59.0,70.2,68.4,69.54545454545455,25.3,6.1,35.2,53.1,0.5,38.2,1548.2,50.7,11.1,18.5,9.4,37.5,,19.0,-0.3,10.1,2155.0,1690.0,0.28,1.67,1.7,,0.2,,281487.0,161716.0,17406.0,2522722.0,328799.0,76725.0,99.40158663107492,3600500,141.86874838574573,1796.1182409858354,0
2018,Melaky,19.2,25.6,6.1,31.47945205479452,37.0,24.5082191780822,19.0,3350.3,134.0,75.22054794520548,40.0,17.376712328767123,1015.127397260274,19.599828767123288,6.880821917808219,7853.599999999999,10.75835616438356,418.0,17.0,2837.0,36.0,0.0,230.6,31.02173913043478,4.6,8.6,4.2,75.3,40000.0,60114.0,5.59,93.6,3.18,,,309000.0,309000.0,38800.0,7.963917525773196,2,0,0,2,-0.2817325568414294,-0.9594929736144976,19.2,0.0,19.2,25.6,0.0,25.6,6.1,0.0,6.1,18.44550612776744,5.000318094167946,27.31760362627434,7.253337688789045,6.696108232176036,1.5269358583227053,9.396009925915449,6.971232876712328,1.508,False,False,False,False,False,False,False,False,False,False,False,False,False,False,False,True,False,False,False,False,False,3309.0533149764565,1665.830970966667,3.1802406125124527,,,,,2.2,0.2,85.52,2.0,MICS_2018,42.4,6.4,25.0,70.2,68.4,69.70909090909092,25.3,6.1,35.2,53.1,0.5,38.2,1557.3,51.6,11.5,19.2,9.7,37.7,50.6,18.9,-0.58,2.5,2159.0,1692.0,0.28,1.67,1.7,0.3,0.2,0.1,215000.0,122963.0,17485.0,2500000.0,319450.0,78260.0,95.9471906662573,4030000,154.66687135400676,1903.6974104247545,0
2019,Melaky,13.3,22.3,5.9,30.916438356164385,37.0,24.12602739726028,16.0,5721.0,311.6,79.95616438356164,74.0,18.92602739726028,1014.945205479452,24.77705479452055,6.728767123287671,7729.9,10.58890410958904,465.0,16.0,4968.3,74.0,1.0,362.9,30.05434782608696,5.0,6.3,4.0,75.2,41000.0,65760.0,11.2,92.5,3.21,,,309000.0,317474.7828736858,38800.0,8.182339764785716,2,0,0,1,-0.7557495743542582,-0.6548607339452852,19.2,-5.899999999999999,17.23333333333333,25.6,-3.3000000000000007,24.5,6.1,-0.1999999999999993,6.033333333333334,18.44550612776744,5.000318094167946,27.31760362627434,7.253337688789045,6.696108232176036,1.5269358583227053,5.404026980626531,6.790410958904111,1.222,False,False,False,False,False,False,False,False,False,False,False,False,False,False,False,True,False,False,False,False,False,3560.435825605637,1745.795143860416,7.596810528601883,,,,,2.2,0.2,85.52,2.0,EDSM_2021,41.4,,20.0,70.2,68.4,69.87272727272727,25.3,6.1,35.2,53.1,0.5,38.2,1585.5,52.5,11.9,19.9,10.1,37.8,,18.8,-0.32,3.0,2163.0,1695.0,0.28,1.67,1.7,,0.2,0.1,219220.0,126258.0,17363.0,2913862.0,369977.0,78758.0,108.84550003093987,3910629,146.0791104522089,1877.889552417082,0
2020,Melaky,13.3,22.3,5.9,30.420765027322403,37.0,23.308743169398905,15.0,4269.7,237.7,80.30874316939891,35.0,18.490437158469945,1014.834699453552,35.62943989071038,6.551912568306011,7081.4,9.674043715846992,433.0,4.0,3908.2,35.0,0.0,201.1,29.660326086956523,5.5,7.2,4.5,77.4,,,0.98,102.5,3.2,,,309000.0,325937.7952156026,38800.0,8.400458639577387,3,0,0,2,-0.9898214418809328,-0.1423148382732852,13.3,0.0,15.266666666666666,22.3,0.0,23.4,5.9,0.0,5.966666666666666,18.44550612776744,5.000318094167946,27.31760362627434,7.253337688789045,6.696108232176036,1.5269358583227053,7.124801514701831,7.112021857923498,1.805,False,False,False,False,False,False,False,False,False,False,False,False,False,False,False,True,False,False,False,False,False,3583.02095770052,1996.883604241949,0.6343361656024449,,,,,2.2,0.2,85.52,2.0,EDSM_2021,40.4,,22.0,70.2,68.4,70.03636363636365,25.3,6.1,35.2,53.1,0.5,38.2,1436.2,53.4,12.3,20.5,10.4,,,18.7,-0.53,4.2,2167.0,1697.0,0.28,1.67,1.6,,0.2,0.1,224883.0,127026.0,17704.0,2599679.0,328226.0,79204.0,94.58793328879533,4227927,153.830867974814,1889.7225511614288,0
2021,Melaky,13.3,22.3,5.9,30.46986301369863,36.0,23.13013698630137,17.0,4388.3,270.4,80.25890410958904,42.0,19.82602739726028,1015.3986301369864,36.519349315068496,6.538356164383561,7155.5,9.802054794520547,422.0,5.0,3988.1,42.0,0.0,166.3,30.008152173913043,6.0,5.5,5.0,78.0,,,,,3.34,0.41,0.43,309000.0,334600.9065975926,38800.0,8.62373470612352,2,3000,5,2,-0.9096319953545186,0.415415013001886,13.3,0.0,13.3,22.3,0.0,22.3,5.9,0.0,5.9,18.44550612776744,5.000318094167946,27.31760362627434,7.253337688789045,6.696108232176036,1.5269358583227053,6.943432083881829,7.339726027397262,1.5259999999999998,False,False,False,False,False,False,False,False,False,False,False,False,False,False,False,True,False,False,False,False,False,,,,,,,,2.2,0.2,85.52,2.0,EDSM_2021,39.4,7.2,15.0,70.2,68.4,70.2,25.3,6.1,35.2,53.1,0.5,38.2,1463.6,,,,,,54.4,,-0.64,,2184.0,1709.0,0.28,1.67,1.6,0.3,,,232026.0,126200.0,18386.0,2439642.0,306295.0,79650.0,86.46686673995505,4391386,155.6414375821142,1871.484981702268,0
2022,Melaky,13.3,22.3,5.9,30.78904109589041,37.0,22.875342465753423,17.0,3484.1,158.4,80.78767123287672,39.0,19.23972602739726,1015.3301369863012,39.13527397260274,6.493150684931507,6994.5,9.581506849315067,470.0,2.0,3034.5,36.0,0.0,264.2,30.58152173913044,3.8,10.6,5.5,77.5,,,,,3.65,,,309000.0,343428.8054243486,38800.0,8.851257871761563,4,0,0,4,-0.5406408174555974,0.8412535328311812,13.3,0.0,13.3,22.3,0.0,22.3,5.9,0.0,5.9,18.44550612776744,5.000318094167946,27.31760362627434,7.253337688789045,6.696108232176036,1.5269358583227053,8.837014177517986,7.913698630136988,2.908,False,False,False,False,False,False,False,False,False,False,False,False,False,False,False,True,False,False,False,False,False,,,,,,,,2.2,0.2,85.52,2.0,EDSM_2021,38.6,7.2,,70.2,68.4,70.36363636363636,25.3,6.1,35.2,53.1,0.5,38.2,,,,,,,,,,,2187.0,1711.0,0.3,1.67,1.6,,,,,,,,,,,4200000,145.03182270084608,1390.716108090305,0
2012,Menabe,25.646388544487024,30.34187050738629,8.419219312426838,29.524590163934427,36.0,24.12295081967213,17.0,6326.0,153.6,78.36976320582878,59.0,19.90437158469945,1014.4744990892532,18.829348816029142,6.733151183970856,11774.6,10.72367941712204,610.0,1.0,4785.6,59.0,1.0,283.3,28.66304347826087,3.1,6.1,5.4,71.5,,66900.0,1.54,20.2,,,,756000.0,642018.2843211946,46900.0,13.68908921793592,2,0,0,1,0.0,1.0,,,25.646388544487024,,,30.34187050738629,,,8.419219312426838,22.56297973536128,2.807060576974254,33.79852191043387,1.7322613874104895,9.012585329532152,2.0948238617698176,4.667181499199246,5.401639344262296,1.177,False,False,False,False,False,False,False,False,False,False,False,False,False,False,False,False,True,False,False,False,False,3502.0987811488167,2090.852667066967,,,,,,2.3,0.1,76.35,22.4,ENSOMD_2012,47.3,7.5,21.0,63.1,61.7,61.95454545454545,47.2,15.7,52.1,65.3,0.8,55.6,1497.0,46.2,9.1,15.5,7.7,37.5,41.9,19.5,-0.54,4.6,2133.0,1675.0,0.28,1.69,1.7,0.3,0.2,0.1,447948.0,269997.0,16591.0,3621309.0,475658.0,76133.0,163.65611496037585,4550649,205.65534062084168,2689.4341811220474,0
2013,Menabe,25.646388544487024,30.34187050738629,8.419219312426838,29.77351598173516,36.0,23.9689497716895,16.0,4029.4,256.9,76.41735159817351,74.0,19.48767123287672,1015.1351598173516,15.561643835616438,6.677625570776256,11835.3,10.808493150684932,502.0,1.0,3615.6,74.0,3.0,193.2,28.48550724637681,2.3,5.5,1.3,72.0,,63750.0,1.78,34.5,,,,756000.0,660189.6998323937,46900.0,14.076539442055305,3,0,0,2,0.5406408174555976,0.8412535328311812,25.646388544487024,0.0,25.646388544487024,30.34187050738629,0.0,30.34187050738629,8.419219312426838,0.0,8.419219312426838,22.56297973536128,2.807060576974254,33.79852191043387,1.7322613874104895,9.012585329532152,2.0948238617698176,7.389069335815545,5.80456621004566,1.922,False,False,False,False,False,False,False,False,False,False,False,False,False,False,False,False,True,False,False,False,False,3222.9938264013444,1869.6956328105864,-7.96964826491603,,,,,2.3,0.1,76.35,22.4,ENSOMD_2012,46.5,,24.0,63.1,61.7,62.08181818181818,47.2,15.7,52.1,65.3,0.8,55.6,1491.1,47.1,9.5,16.1,8.1,37.4,,19.4,-0.66,3.9,2137.0,1678.0,0.28,1.67,1.7,,0.2,0.1,380848.0,229684.0,16581.0,3114578.0,401316.0,77609.0,136.8814248515654,3610626,158.68205306982463,2121.6368917997006,0
2014,Menabe,24.1,34.3,11.1,29.570776255707763,36.0,23.929680365296804,16.0,4658.7,201.2,77.10228310502283,46.0,19.90410958904109,1015.3570776255708,17.631963470319636,6.751598173515982,11768.4,10.747397260273972,500.0,2.0,4121.8,46.0,0.0,200.2,28.472826086956523,3.3,7.2,1.5,72.5,,49223.0,1.55,16.8,,,,756000.0,678937.071461222,46900.0,14.476270180409852,4,45000,68,3,0.9096319953545184,0.4154150130018864,25.646388544487024,-1.546388544487023,25.13092569632468,30.34187050738629,3.958129492613711,31.66124700492419,8.419219312426838,2.680780687573161,9.312812874951224,22.56297973536128,2.807060576974254,33.79852191043387,1.7322613874104895,9.012585329532152,2.0948238617698176,6.347430883230894,5.641095890410959,2.5380000000000003,False,False,False,False,False,False,False,False,False,False,False,False,False,False,False,False,True,False,False,False,False,3247.217788854804,1845.951058261545,0.7515981648809733,,,,,2.3,0.1,76.35,22.4,MICS_2018,45.7,,35.0,63.1,61.7,62.20909090909091,47.2,15.7,52.1,65.3,0.8,55.6,1500.9,48.0,9.9,16.7,8.4,37.4,,19.4,-0.56,10.5,2142.0,1681.0,0.28,1.67,1.7,,0.2,0.1,366172.0,217542.0,16832.0,2929743.0,376323.0,77852.0,125.20280318296454,3977863,169.99429584021428,2178.91649461231,0
2015,Menabe,24.1,34.3,11.1,30.153424657534245,35.0,24.40456621004566,17.0,7661.8,258.8,75.40182648401826,65.0,20.78630136986301,1015.2611872146118,22.11426940639269,6.705936073059361,11548.0,10.546118721461188,584.0,0.0,7063.3,65.0,3.0,294.0,29.532608695652176,3.3,8.2,1.8,73.0,,47507.0,2.71,53.6,,,,756000.0,698145.2079841536,46900.0,14.88582533015253,3,0,0,1,0.9898214418809328,-0.142314838273285,24.1,0.0,24.61546284816234,34.3,0.0,32.980623502462095,11.1,0.0,10.206406437475612,22.56297973536128,2.807060576974254,33.79852191043387,1.7322613874104895,9.012585329532152,2.0948238617698176,3.935553611101079,5.748858447488583,1.495,False,False,False,False,False,False,False,False,False,False,False,False,False,False,False,False,True,False,False,False,False,3155.481221746184,1718.2949329657465,-2.8250820571222857,,,,,2.3,0.1,76.35,22.4,MICS_2018,45.0,,52.0,63.1,61.7,62.33636363636364,47.2,15.7,52.1,65.3,0.8,55.6,1508.4,48.9,10.3,17.3,8.7,37.4,,19.3,-0.43,11.0,2147.0,1684.0,0.28,1.67,1.7,,0.2,0.1,329367.0,192137.0,17142.0,2676952.0,346550.0,77246.0,111.25226780008892,3722304,154.69637163510671,1971.071038912372,0
2016,Menabe,24.1,34.3,11.1,30.348816029143897,36.0,24.49635701275045,18.0,5769.1,91.7,75.03551912568307,39.0,19.83970856102004,1016.042805100182,20.977459016393443,6.737704918032787,11801.4,10.748087431693987,611.0,1.0,5106.1,39.0,0.0,385.8,28.815217391304348,4.2,6.9,2.0,74.0,,53093.0,2.72,57.1,,,,756000.0,716892.5796129819,46900.0,15.285556068507075,3,10000,15,3,0.7557495743542583,-0.654860733945285,24.1,0.0,24.1,34.3,0.0,34.3,11.1,0.0,11.1,22.56297973536128,2.807060576974254,33.79852191043387,1.7322613874104895,9.012585329532152,2.0948238617698176,5.260580684880465,5.852459016393443,2.217,False,False,False,False,False,False,False,False,False,False,False,False,False,False,False,False,True,False,False,False,False,3184.2017671732337,1616.7507251586012,0.910179570365388,,,,,2.3,0.1,76.35,22.4,MICS_2018,44.2,,69.0,63.1,61.7,62.46363636363637,47.2,15.7,52.1,65.3,0.8,55.6,1528.6,49.8,10.7,17.9,9.1,37.5,,19.2,-0.29,11.2,2151.0,1687.0,0.28,1.67,1.7,,0.2,,316331.0,182758.0,17309.0,2629478.0,342723.0,76723.0,106.42153195622512,3815849,154.4369248549065,1947.4073647181729,0
2017,Menabe,24.1,34.3,11.1,30.78904109589041,36.0,24.840182648401825,19.0,5270.9,99.7,74.80730593607306,37.0,19.704109589041096,1015.3799086757992,19.686529680365297,6.862100456621005,11833.0,10.806392694063929,595.0,1.0,4295.8,31.0,0.0,370.6,29.7536231884058,4.1,8.4,2.5,75.0,,59602.0,3.19,58.7,3.08,,,756000.0,736359.8963888466,46900.0,15.700637449655575,3,83000,80,4,0.2817325568414296,-0.9594929736144974,24.1,0.0,24.1,34.3,0.0,34.3,11.1,0.0,11.1,22.56297973536128,2.807060576974254,33.79852191043387,1.7322613874104895,9.012585329532152,2.0948238617698176,5.841325218822291,5.948858447488586,2.593,False,False,False,False,False,False,False,False,False,False,False,False,False,False,False,False,True,False,False,False,False,3207.061056780647,1661.9746049336782,0.71789702031686,,,,,2.3,0.1,76.35,22.4,MICS_2018,43.4,,59.0,63.1,61.7,62.59090909090909,47.2,15.7,52.1,65.3,0.8,55.6,1548.2,50.7,11.1,18.5,9.4,37.5,,19.0,-0.3,10.1,2155.0,1690.0,0.28,1.67,1.7,,0.2,,281487.0,161716.0,17406.0,2522722.0,328799.0,76725.0,99.40158663107492,3600500,141.86874838574573,1796.1182409858354,0
2018,Menabe,24.1,34.3,11.1,30.560730593607307,36.0,24.63287671232877,18.0,4099.8,174.2,73.55890410958904,40.0,19.478538812785388,1015.2438356164384,16.41004566210046,6.891324200913242,11816.6,10.791415525114155,504.0,2.0,3402.7,36.0,0.0,317.6,29.57971014492753,4.6,8.6,4.2,75.3,40000.0,60114.0,5.59,93.6,3.18,,,756000.0,756000.0,46900.0,16.119402985074625,2,0,0,2,-0.2817325568414294,-0.9594929736144976,24.1,0.0,24.1,34.3,0.0,34.3,11.1,0.0,11.1,22.56297973536128,2.807060576974254,33.79852191043387,1.7322613874104895,9.012585329532152,2.0948238617698176,7.454200349677376,5.927853881278541,1.508,False,False,False,False,False,False,False,False,False,False,False,False,False,False,False,False,True,False,False,False,False,3309.0533149764565,1665.830970966667,3.1802406125124527,,,,,2.3,0.1,76.35,22.4,MICS_2018,42.4,6.4,25.0,63.1,61.7,62.71818181818182,47.2,15.7,52.1,65.3,0.8,55.6,1557.3,51.6,11.5,19.2,9.7,37.7,50.6,18.9,-0.58,2.5,2159.0,1692.0,0.28,1.67,1.7,0.3,0.2,0.1,215000.0,122963.0,17485.0,2500000.0,319450.0,78260.0,95.9471906662573,4030000,154.66687135400676,1903.6974104247545,0
2019,Menabe,19.1,34.9,6.7,30.0082191780822,37.0,24.25844748858448,14.0,5809.7,206.4,77.56438356164384,74.0,21.046575342465754,1015.0383561643836,20.650342465753425,6.69041095890411,11693.1,10.6786301369863,583.0,7.0,5004.8,74.0,2.0,445.6,28.606884057971016,5.0,6.3,4.0,75.2,40000.0,65760.0,11.2,92.5,3.21,,,756000.0,776734.4202346487,46900.0,16.561501497540483,2,0,0,1,-0.7557495743542582,-0.6548607339452852,24.1,-5.0,22.433333333333337,34.3,0.6000000000000014,34.5,11.1,-4.4,9.633333333333333,22.56297973536128,2.807060576974254,33.79852191043387,1.7322613874104895,9.012585329532152,2.0948238617698176,5.16519255350228,5.749771689497717,1.222,False,False,False,False,False,False,False,False,False,False,False,False,False,False,False,False,True,False,False,False,False,3560.435825605637,1745.795143860416,7.596810528601883,,,,,2.3,0.1,76.35,22.4,EDSM_2021,41.4,,20.0,63.1,61.7,62.845454545454544,47.2,15.7,52.1,65.3,0.8,55.6,1585.5,52.5,11.9,19.9,10.1,37.8,,18.8,-0.32,3.0,2163.0,1695.0,0.28,1.67,1.7,,0.2,0.1,219220.0,126258.0,17363.0,2913862.0,369977.0,78758.0,108.84550003093987,3910629,146.0791104522089,1877.889552417082,0
2020,Menabe,19.1,34.9,6.7,29.47267759562841,35.0,23.44808743169399,16.0,3998.4,138.2,77.93624772313296,43.0,20.882513661202186,1014.9125683060108,28.81136156648452,6.520036429872495,11041.8,10.056284153005464,546.0,0.0,3500.7,43.0,0.0,271.1,27.9981884057971,5.5,7.2,4.5,77.4,,,0.98,102.5,3.2,,,756000.0,797440.042663416,46900.0,17.002985984294586,3,0,0,2,-0.9898214418809328,-0.1423148382732852,19.1,0.0,20.76666666666667,34.9,0.0,34.7,6.7,0.0,8.166666666666666,22.56297973536128,2.807060576974254,33.79852191043387,1.7322613874104895,9.012585329532152,2.0948238617698176,7.371117846045522,6.024590163934427,1.829,False,False,False,False,False,False,False,False,False,False,False,False,False,False,False,False,True,False,False,False,False,3583.02095770052,1996.883604241949,0.6343361656024449,,,,,2.3,0.1,76.35,22.4,EDSM_2021,40.4,,22.0,63.1,61.7,62.97272727272727,47.2,15.7,52.1,65.3,0.8,55.6,1436.2,53.4,12.3,20.5,10.4,,,18.7,-0.53,4.2,2167.0,1697.0,0.28,1.67,1.6,,0.2,0.1,224883.0,127026.0,17704.0,2599679.0,328226.0,79204.0,94.58793328879533,4227927,153.830867974814,1889.7225511614288,0
2021,Menabe,19.1,34.9,6.7,29.65296803652968,36.0,23.17351598173516,15.0,5263.599999999999,270.4,78.52694063926941,50.0,21.86027397260274,1015.517808219178,29.78675799086758,6.485844748858447,11005.6,10.050776255707763,514.0,1.0,4789.2,47.0,0.0,242.4,28.57608695652174,6.0,5.5,5.0,78.0,,,,,3.34,0.41,0.43,756000.0,818635.2277921683,46900.0,17.454908908148578,2,3000,5,2,-0.9096319953545186,0.415415013001886,19.1,0.0,19.1,34.9,0.0,34.9,6.7,0.0,6.7,22.56297973536128,2.807060576974254,33.79852191043387,1.7322613874104895,9.012585329532152,2.0948238617698176,5.633590705321393,6.479452054794521,1.541,False,False,False,False,False,False,False,False,False,False,False,False,False,False,False,False,True,False,False,False,False,,,,,,,,2.3,0.1,76.35,22.4,EDSM_2021,39.4,7.2,15.0,63.1,61.7,63.1,47.2,15.7,52.1,65.3,0.8,55.6,1463.6,,,,,,54.4,,-0.64,,2184.0,1709.0,0.28,1.67,1.6,0.3,,,232026.0,126200.0,18386.0,2439642.0,306295.0,79650.0,86.46686673995505,4391386,155.6414375821142,1871.484981702268,0
2022,Menabe,19.1,34.9,6.7,30.581735159817352,37.0,23.2,16.0,3789.0,80.8,78.51872146118721,55.0,21.24931506849315,1015.42100456621,33.14075342465753,6.5479452054794525,10843.4,9.902648401826484,595.0,6.0,3166.8,55.0,1.0,353.4,29.82427536231884,3.8,10.6,5.5,77.5,,,,,3.65,,,756000.0,840233.5822032606,46900.0,17.915428191967177,4,0,0,4,-0.5406408174555974,0.8412535328311812,19.1,0.0,19.1,34.9,0.0,34.9,6.7,0.0,6.7,22.56297973536128,2.807060576974254,33.79852191043387,1.7322613874104895,9.012585329532152,2.0948238617698176,8.071189010244748,7.381735159817353,2.965,False,False,False,False,False,False,False,False,False,False,False,False,False,False,False,False,True,False,False,False,False,,,,,,,,2.3,0.1,76.35,22.4,EDSM_2021,38.6,7.2,,63.1,61.7,63.22727272727273,47.2,15.7,52.1,65.3,0.8,55.6,,,,,,,,,,,2187.0,1711.0,0.3,1.67,1.6,,,,,,,,,,,4200000,145.03182270084608,1390.716108090305,0
2012,Sava,27.6719238846294,44.60769647964497,6.765453763767032,27.9603825136612,34.0,22.386612021857925,17.0,4398.5,220.0,86.44398907103825,37.0,19.774590163934427,1015.3620218579237,38.21311475409836,6.122950819672131,7805.9,10.66379781420765,630.0,0.0,2753.1,31.0,0.0,1172.4,26.02173913043478,3.1,6.1,5.4,71.5,,66900.0,1.54,20.2,,,,1285000.0,1091261.2372390677,25500.0,42.794558323100695,2,0,0,1,0.0,1.0,,,27.6719238846294,,,44.60769647964497,,,6.765453763767032,21.313077069932618,3.25639289514768,36.88321754175363,5.204364244407863,6.730082502503097,2.357087479578498,6.356799480200341,5.573770491803277,1.093,False,False,False,False,False,False,False,False,False,False,False,False,False,False,False,False,False,True,False,False,False,3502.0987811488167,2090.852667066967,,,,,,,,,,ENSOMD_2012,47.3,7.5,21.0,74.5,72.8,73.1090909090909,33.8,9.3,42.5,56.8,0.6,45.3,1497.0,46.2,9.1,15.5,7.7,37.5,41.9,19.5,-0.54,4.6,2133.0,1675.0,0.28,1.69,1.7,0.3,0.2,0.1,447948.0,269997.0,16591.0,3621309.0,475658.0,76133.0,163.65611496037585,4550649,205.65534062084168,2689.4341811220474,0
2013,Sava,27.6719238846294,44.60769647964497,6.765453763767032,28.195890410958903,35.0,22.40684931506849,17.0,2701.6,77.3,85.51095890410959,50.0,20.873972602739727,1015.9164383561643,34.458561643835615,6.161643835616438,7896.0,10.816438356164385,611.0,0.0,1759.8,50.0,0.0,747.9,26.05978260869565,2.3,5.5,1.3,72.0,,63750.0,1.78,34.5,,,,1285000.0,1122147.8363553253,25500.0,44.005797504130406,3,0,0,2,0.5406408174555976,0.8412535328311812,27.6719238846294,0.0,27.6719238846294,44.60769647964497,0.0,44.60769647964497,6.765453763767032,0.0,6.765453763767032,21.313077069932618,3.25639289514768,36.88321754175363,5.204364244407863,6.730082502503097,2.357087479578498,10.436737641012328,5.789041095890411,1.85,False,False,False,False,False,False,False,False,False,False,False,False,False,False,False,False,False,True,False,False,False,3222.9938264013444,1869.6956328105864,-7.96964826491603,,,,,,,,,ENSOMD_2012,46.5,,24.0,74.5,72.8,73.26363636363637,33.8,9.3,42.5,56.8,0.6,45.3,1491.1,47.1,9.5,16.1,8.1,37.4,,19.4,-0.66,3.9,2137.0,1678.0,0.28,1.67,1.7,,0.2,0.1,380848.0,229684.0,16581.0,3114578.0,401316.0,77609.0,136.8814248515654,3610626,158.68205306982463,2121.6368917997006,0
2014,Sava,20.7,38.5,4.5,28.21232876712329,33.0,22.66027397260273,17.0,3204.1,51.8,86.25616438356164,39.0,19.513698630136982,1016.0424657534246,37.5554794520548,6.176712328767123,7849.9,10.753287671232876,608.0,0.0,1971.0,30.0,0.0,1078.9,26.494565217391305,3.3,7.2,1.5,72.5,,49223.0,1.55,16.8,,,,1285000.0,1154013.4085022097,25500.0,45.25542778440038,4,45000,68,3,0.9096319953545184,0.4154150130018864,27.6719238846294,-6.971923884629394,25.3479492564196,44.60769647964497,-6.107696479644972,42.571797653096645,6.765453763767032,-2.265453763767032,6.010302509178021,21.313077069932618,3.25639289514768,36.88321754175363,5.204364244407863,6.730082502503097,2.357087479578498,8.805071242196963,5.552054794520551,2.49,False,False,False,False,False,False,False,False,False,False,False,False,False,False,False,False,False,True,False,False,False,3247.217788854804,1845.951058261545,0.7515981648809733,,,,,,,,,MICS_2018,45.7,,35.0,74.5,72.8,73.41818181818182,33.8,9.3,42.5,56.8,0.6,45.3,1500.9,48.0,9.9,16.7,8.4,37.4,,19.4,-0.56,10.5,2142.0,1681.0,0.28,1.67,1.7,,0.2,0.1,366172.0,217542.0,16832.0,2929743.0,376323.0,77852.0,125.20280318296454,3977863,169.99429584021428,2178.91649461231,0
2015,Sava,20.7,38.5,4.5,28.263013698630136,34.0,22.76164383561644,18.0,3387.7,121.0,83.8890410958904,33.0,18.09178082191781,1016.2575342465752,43.8416095890411,6.012328767123288,7571.099999999999,10.371369863013696,643.0,0.0,2307.3,32.0,0.0,878.9,26.58967391304348,3.3,8.2,1.8,73.0,,47507.0,2.71,53.6,,,,1285000.0,1186662.1590735945,25500.0,46.53577094406253,3,0,0,1,0.9898214418809328,-0.142314838273285,20.7,0.0,23.0239746282098,38.5,0.0,40.535898826548326,4.5,0.0,5.255151254589011,21.313077069932618,3.25639289514768,36.88321754175363,5.204364244407863,6.730082502503097,2.357087479578498,8.342832511329261,5.5013698630136965,1.396,False,False,False,False,False,False,False,False,False,False,False,False,False,False,False,False,False,True,False,False,False,3155.481221746184,1718.2949329657465,-2.8250820571222857,,,,,,,,,MICS_2018,45.0,,52.0,74.5,72.8,73.57272727272726,33.8,9.3,42.5,56.8,0.6,45.3,1508.4,48.9,10.3,17.3,8.7,37.4,,19.3,-0.43,11.0,2147.0,1684.0,0.28,1.67,1.7,,0.2,0.1,329367.0,192137.0,17142.0,2676952.0,346550.0,77246.0,111.25226780008892,3722304,154.69637163510671,1971.071038912372,0
2016,Sava,20.7,38.5,4.5,27.89344262295082,35.0,22.33743169398907,18.0,3457.1,64.5,83.96857923497268,36.0,18.39071038251366,1016.8852459016392,43.01997950819672,5.948087431693989,7585.7,10.362978142076502,642.0,0.0,2333.5,27.0,0.0,857.8,25.83423913043478,4.2,6.9,2.0,74.0,,53093.0,2.72,57.1,,,,1285000.0,1218527.7312204784,25500.0,47.78540122433249,3,10000,15,3,0.7557495743542583,-0.654860733945285,20.7,0.0,20.7,38.5,0.0,38.5,4.5,0.0,4.5,21.313077069932618,3.25639289514768,36.88321754175363,5.204364244407863,6.730082502503097,2.357087479578498,8.068451194050162,5.556010928961747,2.181,False,False,False,False,False,False,False,False,False,False,False,False,False,False,False,False,False,True,False,False,False,3184.2017671732337,1616.7507251586012,0.910179570365388,,,,,,,,,MICS_2018,44.2,,69.0,74.5,72.8,73.72727272727272,33.8,9.3,42.5,56.8,0.6,45.3,1528.6,49.8,10.7,17.9,9.1,37.5,,19.2,-0.29,11.2,2151.0,1687.0,0.28,1.67,1.7,,0.2,,316331.0,182758.0,17309.0,2629478.0,342723.0,76723.0,106.42153195622512,3815849,154.4369248549065,1947.4073647181729,0
2017,Sava,20.7,38.5,4.5,28.54109589041096,33.0,22.695890410958903,18.0,3863.1,381.6,83.92191780821918,60.0,19.01506849315069,1016.1931506849317,34.77739726027397,6.110958904109589,7971.4,10.91972602739726,632.0,0.0,2754.5,60.0,1.0,901.6,27.035326086956523,4.1,8.4,2.5,75.0,,59602.0,3.19,58.7,3.08,,,1285000.0,1251617.0196556454,25500.0,49.08302037865276,3,83000,80,4,0.2817325568414296,-0.9594929736144974,20.7,0.0,20.7,38.5,0.0,38.5,4.5,0.0,4.5,21.313077069932618,3.25639289514768,36.88321754175363,5.204364244407863,6.730082502503097,2.357087479578498,7.388132818309378,5.845205479452055,2.68,False,False,False,False,False,False,False,False,False,False,False,False,False,False,False,False,False,True,False,False,False,3207.061056780647,1661.9746049336782,0.71789702031686,,,,,,,,,MICS_2018,43.4,,59.0,74.5,72.8,73.88181818181818,33.8,9.3,42.5,56.8,0.6,45.3,1548.2,50.7,11.1,18.5,9.4,37.5,,19.0,-0.3,10.1,2155.0,1690.0,0.28,1.67,1.7,,0.2,,281487.0,161716.0,17406.0,2522722.0,328799.0,76725.0,99.40158663107492,3600500,141.86874838574573,1796.1182409858354,0
2018,Sava,20.7,38.5,4.5,27.936986301369863,34.0,22.49041095890411,18.0,4736.1,190.9,84.86712328767123,42.0,19.76986301369863,1016.0109589041095,36.31866438356165,6.027397260273973,7823.0,10.716438356164383,628.0,0.0,2896.8,42.0,0.0,1224.2,26.14402173913044,4.6,8.6,4.2,75.3,284000.0,60114.0,5.59,93.6,3.18,,,1285000.0,1285000.0,25500.0,50.3921568627451,2,0,0,2,-0.2817325568414294,-0.9594929736144976,20.7,0.0,20.7,38.5,0.0,38.5,4.5,0.0,4.5,21.313077069932618,3.25639289514768,36.88321754175363,5.204364244407863,6.730082502503097,2.357087479578498,5.898732353913529,5.446575342465753,1.5259999999999998,False,False,False,False,False,False,False,False,False,False,False,False,False,False,False,False,False,True,False,False,False,3309.0533149764565,1665.830970966667,3.1802406125124527,,,,,,,,,MICS_2018,42.4,6.4,25.0,74.5,72.8,74.03636363636363,33.8,9.3,42.5,56.8,0.6,45.3,1557.3,51.6,11.5,19.2,9.7,37.7,50.6,18.9,-0.58,2.5,2159.0,1692.0,0.28,1.67,1.7,0.3,0.2,0.1,215000.0,122963.0,17485.0,2500000.0,319450.0,78260.0,95.9471906662573,4030000,154.66687135400676,1903.6974104247545,0
2019,Sava,18.9,31.0,9.5,28.386301369863013,33.0,23.0,18.0,4750.2,110.6,85.74794520547945,45.0,22.954794520547942,1015.9232876712329,37.80650684931507,6.027397260273973,7828.8,10.724383561643837,678.0,0.0,3223.6,39.0,0.0,1162.6,26.68478260869565,5.0,6.3,4.0,75.2,320000.0,65760.0,11.2,92.5,3.21,,,1285000.0,1320243.0291025443,25500.0,51.774236435393895,2,0,0,1,-0.7557495743542582,-0.6548607339452852,20.7,-1.8000000000000007,20.1,38.5,-7.5,36.0,4.5,5.0,6.166666666666667,21.313077069932618,3.25639289514768,36.88321754175363,5.204364244407863,6.730082502503097,2.357087479578498,5.975811833157134,5.386301369863013,1.117,False,False,False,False,False,False,False,False,False,False,False,False,False,False,False,False,False,True,False,False,False,3560.435825605637,1745.795143860416,7.596810528601883,,,,,,,,,EDSM_2021,41.4,,20.0,74.5,72.8,74.19090909090909,33.8,9.3,42.5,56.8,0.6,45.3,1585.5,52.5,11.9,19.9,10.1,37.8,,18.8,-0.32,3.0,2163.0,1695.0,0.28,1.67,1.7,,0.2,0.1,219220.0,126258.0,17363.0,2913862.0,369977.0,78758.0,108.84550003093987,3910629,146.0791104522089,1877.889552417082,0
2020,Sava,18.9,31.0,9.5,27.26912568306011,33.0,22.84426229508197,17.0,3803.5,234.5,83.91256830601093,48.0,25.58469945355192,1015.7431693989072,52.3376024590164,5.923497267759563,6835.2,9.337704918032786,651.0,0.0,1958.5,37.0,0.0,1497.4,25.793478260869566,5.5,7.2,4.5,77.4,,,0.98,102.5,3.2,,,1285000.0,1355437.1095535578,25500.0,53.1543964530807,3,0,0,2,-0.9898214418809328,-0.1423148382732852,18.9,0.0,19.5,31.0,0.0,33.5,9.5,0.0,7.833333333333333,21.313077069932618,3.25639289514768,36.88321754175363,5.204364244407863,6.730082502503097,2.357087479578498,7.169482235588303,4.424863387978142,1.811,False,False,False,False,False,False,False,False,False,False,False,False,False,False,False,False,False,True,False,False,False,3583.02095770052,1996.883604241949,0.6343361656024449,,,,,,,,,EDSM_2021,40.4,,22.0,74.5,72.8,74.34545454545454,33.8,9.3,42.5,56.8,0.6,45.3,1436.2,53.4,12.3,20.5,10.4,,,18.7,-0.53,4.2,2167.0,1697.0,0.28,1.67,1.6,,0.2,0.1,224883.0,127026.0,17704.0,2599679.0,328226.0,79204.0,94.58793328879533,4227927,153.830867974814,1889.7225511614288,0
2021,Sava,18.9,31.0,9.5,27.624657534246577,34.0,22.62602739726028,18.0,3028.3,58.0,84.28493150684932,44.0,24.26438356164384,1016.2041095890412,50.2027397260274,5.898630136986301,6929.3,9.492191780821916,660.0,0.0,1494.8,37.0,0.0,1127.5,25.980978260869566,6.0,5.5,5.0,78.0,,,,,3.34,0.41,0.43,1285000.0,1391463.3170806034,25500.0,54.5671889051217,2,3000,5,2,-0.9096319953545186,0.415415013001886,18.9,0.0,18.9,31.0,0.0,31.0,9.5,0.0,9.5,21.313077069932618,3.25639289514768,36.88321754175363,5.204364244407863,6.730082502503097,2.357087479578498,9.122166738515528,4.998630136986304,1.511,False,False,False,False,False,False,False,False,False,False,False,False,False,False,False,False,False,True,False,False,False,,,,,,,,,,,,EDSM_2021,39.4,7.2,15.0,74.5,72.8,74.5,33.8,9.3,42.5,56.8,0.6,45.3,1463.6,,,,,,54.4,,-0.64,,2184.0,1709.0,0.28,1.67,1.6,0.3,,,232026.0,126200.0,18386.0,2439642.0,306295.0,79650.0,86.46686673995505,4391386,155.6414375821142,1871.484981702268,0
2022,Sava,18.9,31.0,9.5,27.36164383561644,35.0,22.198630136986303,18.0,3926.8,104.3,84.83835616438355,42.0,24.46301369863014,1015.945205479452,54.62568493150685,5.815068493150685,6712.2,9.194794520547944,682.0,0.0,2139.0,38.0,0.0,1452.0,25.64673913043478,3.8,10.6,5.5,77.5,,,,,3.65,,,1285000.0,1428174.8057290872,25500.0,56.00685512663087,4,0,0,4,-0.5406408174555974,0.8412535328311812,18.9,0.0,18.9,31.0,0.0,31.0,9.5,0.0,9.5,21.313077069932618,3.25639289514768,36.88321754175363,5.204364244407863,6.730082502503097,2.357087479578498,6.967923967509534,5.163013698630135,2.914,False,False,False,False,False,False,False,False,False,False,False,False,False,False,False,False,False,True,False,False,False,,,,,,,,,,,,EDSM_2021,38.6,7.2,,74.5,72.8,74.65454545454546,33.8,9.3,42.5,56.8,0.6,45.3,,,,,,,,,,,2187.0,1711.0,0.3,1.67,1.6,,,,,,,,,,,4200000,145.03182270084608,1390.716108090305,0
2012,Sofia,24.831304001633114,33.28684062971026,9.406163063086318,30.05191256830601,34.0,22.814207650273225,18.0,3049.7,327.1,80.01912568306011,34.0,16.366120218579233,1014.7021857923496,21.619877049180328,6.489071038251367,4039.4,11.036612021857923,239.0,0.0,2534.9,34.0,0.0,201.1,29.67391304347826,3.1,6.1,5.4,71.5,,66900.0,1.54,20.2,,,,1598000.0,1357070.394636599,50400.0,26.92599989358332,2,0,0,1,0.0,1.0,,,24.831304001633114,,,33.28684062971026,,,9.406163063086318,19.11478254575148,3.772310795229148,29.997607387220047,1.650653800155358,7.364756920561149,2.650956764080699,9.854055339314035,7.237704918032787,1.102,False,False,False,False,False,False,False,False,False,False,False,False,False,False,False,False,False,False,True,False,False,3502.0987811488167,2090.852667066967,,,,,,5.8,0.1,86.47,13.5,ENSOMD_2012,47.3,7.5,21.0,77.8,76.1,76.40909090909089,30.5,7.5,38.5,55.6,0.5,42.8,1497.0,46.2,9.1,15.5,7.7,37.5,41.9,19.5,-0.54,4.6,2133.0,1675.0,0.28,1.69,1.7,0.3,0.2,0.1,447948.0,269997.0,16591.0,3621309.0,475658.0,76133.0,163.65611496037585,4550649,205.65534062084168,2689.4341811220474,0
2013,Sofia,24.831304001633114,33.28684062971026,9.406163063086318,30.46575342465753,34.0,22.747945205479454,18.0,2569.8,211.2,79.28219178082192,29.0,16.09315068493151,1015.2684931506848,18.181506849315067,6.468493150684932,4063.5,11.132876712328768,230.0,0.0,2248.8,25.0,0.0,134.0,29.940217391304348,2.3,5.5,1.3,72.0,,63750.0,1.78,34.5,,,,1598000.0,1395480.344354716,50400.0,27.68810207053008,3,0,0,2,0.5406408174555976,0.8412535328311812,24.831304001633114,0.0,24.831304001633114,33.28684062971026,0.0,33.28684062971026,9.406163063086318,0.0,9.406163063086318,19.11478254575148,3.772310795229148,29.997607387220047,1.650653800155358,7.364756920561149,2.650956764080699,11.855301356003398,7.717808219178082,1.775,False,False,False,False,False,False,False,False,False,False,False,False,False,False,False,False,False,False,True,False,False,3222.9938264013444,1869.6956328105864,-7.96964826491603,,,,,5.8,0.1,86.47,13.5,ENSOMD_2012,46.5,,24.0,77.8,76.1,76.56363636363636,30.5,7.5,38.5,55.6,0.5,42.8,1491.1,47.1,9.5,16.1,8.1,37.4,,19.4,-0.66,3.9,2137.0,1678.0,0.28,1.67,1.7,,0.2,0.1,380848.0,229684.0,16581.0,3114578.0,401316.0,77609.0,136.8814248515654,3610626,158.68205306982463,2121.6368917997006,0
2014,Sofia,20.2,29.0,4.6,30.416438356164385,34.0,23.016438356164382,18.0,1639.2,47.0,79.33150684931506,35.0,15.994520547945204,1015.4219178082192,20.427054794520547,6.578082191780822,4027.4,11.033972602739729,221.0,0.0,1440.0,27.0,0.0,127.6,30.08695652173913,3.3,7.2,1.5,72.5,,49223.0,1.55,16.8,,,,1598000.0,1435107.725125705,50400.0,28.47435962551002,4,45000,68,3,0.9096319953545184,0.4154150130018864,24.831304001633114,-4.631304001633115,23.287536001088743,33.28684062971026,-4.286840629710262,31.85789375314017,9.406163063086318,-4.806163063086318,7.804108708724212,19.11478254575148,3.772310795229148,29.997607387220047,1.650653800155358,7.364756920561149,2.650956764080699,18.555660295366263,7.400000000000002,2.4810000000000003,False,False,False,False,False,False,False,False,False,False,False,False,False,False,False,False,False,False,True,False,False,3247.217788854804,1845.951058261545,0.7515981648809733,,,,,5.8,0.1,86.47,13.5,MICS_2018,45.7,,35.0,77.8,76.1,76.71818181818182,30.5,7.5,38.5,55.6,0.5,42.8,1500.9,48.0,9.9,16.7,8.4,37.4,,19.4,-0.56,10.5,2142.0,1681.0,0.28,1.67,1.7,,0.2,0.1,366172.0,217542.0,16832.0,2929743.0,376323.0,77852.0,125.20280318296454,3977863,169.99429584021428,2178.91649461231,0
2015,Sofia,20.2,29.0,4.6,30.22739726027397,33.0,23.413698630136988,19.0,2782.8,70.3,79.06575342465753,35.0,15.509589041095891,1015.572602739726,24.67431506849315,6.498630136986302,3945.9,10.810684931506849,252.0,0.0,2320.7,35.0,0.0,345.3,30.25,3.3,8.2,1.8,73.0,,47507.0,2.71,53.6,,,,1598000.0,1475709.0507389917,50400.0,29.279941482916502,3,0,0,1,0.9898214418809328,-0.142314838273285,20.2,0.0,21.743768000544367,29.0,0.0,30.42894687657009,4.6,0.0,6.202054354362105,19.11478254575148,3.772310795229148,29.997607387220047,1.650653800155358,7.364756920561149,2.650956764080699,10.862224112503222,6.813698630136983,1.4049999999999998,False,False,False,False,False,False,False,False,False,False,False,False,False,False,False,False,False,False,True,False,False,3155.481221746184,1718.2949329657465,-2.8250820571222857,,,,,5.8,0.1,86.47,13.5,MICS_2018,45.0,,52.0,77.8,76.1,76.87272727272726,30.5,7.5,38.5,55.6,0.5,42.8,1508.4,48.9,10.3,17.3,8.7,37.4,,19.3,-0.43,11.0,2147.0,1684.0,0.28,1.67,1.7,,0.2,0.1,329367.0,192137.0,17142.0,2676952.0,346550.0,77246.0,111.25226780008892,3722304,154.69637163510671,1971.071038912372,0
2016,Sofia,20.2,29.0,4.6,29.887978142076506,33.0,23.103825136612024,18.0,3057.1,193.7,78.64207650273224,34.0,15.882513661202186,1016.2213114754098,23.614071038251367,6.382513661202186,4002.3,10.935245901639345,263.0,0.0,2673.1,34.0,0.0,229.9,29.45652173913044,4.2,6.9,2.0,74.0,,53093.0,2.72,57.1,,,,1598000.0,1515336.4315099802,50400.0,30.066199037896432,3,10000,15,3,0.7557495743542583,-0.654860733945285,20.2,0.0,20.2,29.0,0.0,29.0,4.6,0.0,4.6,19.11478254575148,3.772310795229148,29.997607387220047,1.650653800155358,7.364756920561149,2.650956764080699,9.77657850318161,6.784153005464479,2.202,False,False,False,False,False,False,False,False,False,False,False,False,False,False,False,False,False,False,True,False,False,3184.2017671732337,1616.7507251586012,0.910179570365388,,,,,5.8,0.1,86.47,13.5,MICS_2018,44.2,,69.0,77.8,76.1,77.02727272727273,30.5,7.5,38.5,55.6,0.5,42.8,1528.6,49.8,10.7,17.9,9.1,37.5,,19.2,-0.29,11.2,2151.0,1687.0,0.28,1.67,1.7,,0.2,,316331.0,182758.0,17309.0,2629478.0,342723.0,76723.0,106.42153195622512,3815849,154.4369248549065,1947.4073647181729,0
2017,Sofia,20.2,29.0,4.6,30.45205479452055,34.0,23.64109589041096,19.0,3400.2,166.3,78.46575342465754,38.0,15.356164383561644,1015.509589041096,20.29931506849315,6.454794520547945,4047.7,11.08958904109589,282.0,0.0,2786.7,38.0,0.0,333.3,30.375,4.1,8.4,2.5,75.0,,59602.0,3.19,58.7,3.08,,,1598000.0,1556485.6010970592,50400.0,30.88265081541784,3,83000,80,4,0.2817325568414296,-0.9594929736144974,20.2,0.0,20.2,29.0,0.0,29.0,4.6,0.0,4.6,19.11478254575148,3.772310795229148,29.997607387220047,1.650653800155358,7.364756920561149,2.650956764080699,8.955959883101157,6.81095890410959,2.614,False,False,False,False,False,False,False,False,False,False,False,False,False,False,False,False,False,False,True,False,False,3207.061056780647,1661.9746049336782,0.71789702031686,,,,,5.8,0.1,86.47,13.5,MICS_2018,43.4,,59.0,77.8,76.1,77.18181818181819,30.5,7.5,38.5,55.6,0.5,42.8,1548.2,50.7,11.1,18.5,9.4,37.5,,19.0,-0.3,10.1,2155.0,1690.0,0.28,1.67,1.7,,0.2,,281487.0,161716.0,17406.0,2522722.0,328799.0,76725.0,99.40158663107492,3600500,141.86874838574573,1796.1182409858354,0
2018,Sofia,20.2,29.0,4.6,30.156164383561645,33.0,23.63013698630137,19.0,4188.9,206.7,77.86849315068493,36.0,15.635616438356164,1015.4246575342464,21.44041095890411,6.487671232876712,3996.2,10.94849315068493,255.0,0.0,3739.4,36.0,0.0,219.7,30.11413043478261,4.6,8.6,4.2,75.3,160000.0,60114.0,5.59,93.6,3.18,,,1598000.0,1598000.0,50400.0,31.70634920634921,2,0,0,2,-0.2817325568414294,-0.9594929736144976,20.2,0.0,20.2,29.0,0.0,29.0,4.6,0.0,4.6,19.11478254575148,3.772310795229148,29.997607387220047,1.650653800155358,7.364756920561149,2.650956764080699,7.199065239934505,6.526027397260275,1.508,False,False,False,False,False,False,False,False,False,False,False,False,False,False,False,False,False,False,True,False,False,3309.0533149764565,1665.830970966667,3.1802406125124527,,,,,5.8,0.1,86.47,13.5,MICS_2018,42.4,6.4,25.0,77.8,76.1,77.33636363636363,30.5,7.5,38.5,55.6,0.5,42.8,1557.3,51.6,11.5,19.2,9.7,37.7,50.6,18.9,-0.58,2.5,2159.0,1692.0,0.28,1.67,1.7,0.3,0.2,0.1,215000.0,122963.0,17485.0,2500000.0,319450.0,78260.0,95.9471906662573,4030000,154.66687135400676,1903.6974104247545,0
2019,Sofia,14.9,29.6,9.8,31.04383561643836,36.0,23.936986301369863,18.0,3622.3,274.2,79.76712328767124,41.0,16.824657534246576,1015.1671232876712,23.24828767123288,6.6,3996.4,10.949041095890411,264.0,2.0,2885.3,41.0,0.0,231.1,31.15217391304348,5.0,6.3,4.0,75.2,196000.0,65760.0,11.2,92.5,3.21,,,1598000.0,1641827.5179033978,50400.0,32.575942815543605,2,0,0,1,-0.7557495743542582,-0.6548607339452852,20.2,-5.299999999999999,18.433333333333334,29.0,0.6000000000000014,29.2,4.6,5.200000000000001,6.333333333333333,19.11478254575148,3.772310795229148,29.997607387220047,1.650653800155358,7.364756920561149,2.650956764080699,8.570200043187576,7.106849315068494,1.123,False,False,False,False,False,False,False,False,False,False,False,False,False,False,False,False,False,False,True,False,False,3560.435825605637,1745.795143860416,7.596810528601883,,,,,5.8,0.1,86.47,13.5,EDSM_2021,41.4,,20.0,77.8,76.1,77.49090909090908,30.5,7.5,38.5,55.6,0.5,42.8,1585.5,52.5,11.9,19.9,10.1,37.8,,18.8,-0.32,3.0,2163.0,1695.0,0.28,1.67,1.7,,0.2,0.1,219220.0,126258.0,17363.0,2913862.0,369977.0,78758.0,108.84550003093987,3910629,146.0791104522089,1877.889552417082,0
2020,Sofia,14.9,29.6,9.8,31.02185792349727,36.0,22.57377049180328,15.0,2229.7,151.5,79.98360655737704,34.0,17.398907103825138,1014.9098360655738,33.14754098360656,6.508196721311475,3742.8,10.22622950819672,218.0,1.0,1993.3,33.0,0.0,151.2,31.30434782608696,5.5,7.2,4.5,77.4,,,0.98,102.5,3.2,,,1598000.0,1685594.164254152,50400.0,33.44432865583635,3,0,0,2,-0.9898214418809328,-0.1423148382732852,14.9,0.0,16.666666666666668,29.6,0.0,29.4,9.8,0.0,8.066666666666668,19.11478254575148,3.772310795229148,29.997607387220047,1.650653800155358,7.364756920561149,2.650956764080699,13.913018757454935,8.448087431693988,1.799,False,False,False,False,False,False,False,False,False,False,False,False,False,False,False,False,False,False,True,False,False,3583.02095770052,1996.883604241949,0.6343361656024449,,,,,5.8,0.1,86.47,13.5,EDSM_2021,40.4,,22.0,77.8,76.1,77.64545454545454,30.5,7.5,38.5,55.6,0.5,42.8,1436.2,53.4,12.3,20.5,10.4,,,18.7,-0.53,4.2,2167.0,1697.0,0.28,1.67,1.6,,0.2,0.1,224883.0,127026.0,17704.0,2599679.0,328226.0,79204.0,94.58793328879533,4227927,153.830867974814,1889.7225511614288,0
2021,Sofia,14.9,29.6,9.8,31.145205479452056,37.0,22.575342465753423,18.0,2273.4,327.0,81.24931506849315,36.0,16.991780821917807,1015.0438356164384,37.54212328767123,6.493150684931507,3662.0,10.032876712328768,242.0,14.0,2003.9,36.0,0.0,127.5,31.36413043478261,6.0,5.5,5.0,78.0,,,,,3.34,0.41,0.43,1598000.0,1730395.6269998476,50400.0,34.333246567457294,2,3000,5,2,-0.9096319953545186,0.415415013001886,14.9,0.0,14.9,29.6,0.0,29.6,9.8,0.0,9.8,19.11478254575148,3.772310795229148,29.997607387220047,1.650653800155358,7.364756920561149,2.650956764080699,13.699835259722024,8.56986301369863,1.508,False,False,False,False,False,False,False,False,False,False,False,False,False,False,False,False,False,False,True,False,False,,,,,,,,5.8,0.1,86.47,13.5,EDSM_2021,39.4,7.2,15.0,77.8,76.1,77.8,30.5,7.5,38.5,55.6,0.5,42.8,1463.6,,,,,,54.4,,-0.64,,2184.0,1709.0,0.28,1.67,1.6,0.3,,,232026.0,126200.0,18386.0,2439642.0,306295.0,79650.0,86.46686673995505,4391386,155.6414375821142,1871.484981702268,0
2022,Sofia,14.9,29.6,9.8,31.605479452054794,35.0,22.10958904109589,18.0,2437.0,122.6,80.30958904109589,37.0,17.794520547945204,1014.8712328767124,37.30821917808219,6.482191780821918,3665.9,10.043561643835616,235.0,0.0,2232.1,31.0,0.0,87.9,32.516304347826086,3.8,10.6,5.5,77.5,,,,,3.65,,,1598000.0,1776049.2914825536,50400.0,35.23907324370146,4,0,0,4,-0.5406408174555974,0.8412535328311812,14.9,0.0,14.9,29.6,0.0,29.6,9.8,0.0,9.8,19.11478254575148,3.772310795229148,29.997607387220047,1.650653800155358,7.364756920561149,2.650956764080699,12.96901085435158,9.495890410958904,2.893,False,False,False,False,False,False,False,False,False,False,False,False,False,False,False,False,False,False,True,False,False,,,,,,,,5.8,0.1,86.47,13.5,EDSM_2021,38.6,7.2,,77.8,76.1,77.95454545454545,30.5,7.5,38.5,55.6,0.5,42.8,,,,,,,,,,,2187.0,1711.0,0.3,1.67,1.6,,,,,,,,,,,4200000,145.03182270084608,1390.716108090305,0
2012,Vakinankaratra,46.89097170329273,65.18494201624868,11.944091690451607,20.308743169398905,27.0,11.472677595628417,4.0,3487.2,173.0,93.65573770491804,56.0,14.0,1018.2841530054644,46.57035519125683,4.0,3814.2,10.421311475409835,314.0,0.0,2973.0,56.0,1.0,207.3,19.157608695652176,3.1,6.1,5.4,71.5,,66900.0,1.54,20.2,,,,2005000.0,1702707.222306872,16950.0,100.4547033809364,2,0,0,1,0.0,1.0,,,46.89097170329273,,,65.18494201624868,,,11.944091690451607,36.9347221278714,7.5343597555743855,57.95180763931794,5.1972226815271485,6.389834852809383,2.8884731037674154,5.823796504186427,8.83606557377049,1.168,False,False,False,False,False,False,False,False,False,False,False,False,False,False,False,False,False,False,False,True,False,3502.0987811488167,2090.852667066967,,,,3.12,2.1095161290322584,1.6,0.1,89.82,21.5,ENSOMD_2012,47.3,7.5,21.0,75.1,73.1,73.46363636363635,42.3,10.5,55.6,68.3,0.8,55.3,1497.0,46.2,9.1,15.5,7.7,37.5,41.9,19.5,-0.54,4.6,2133.0,1675.0,0.28,1.69,1.7,0.3,0.2,0.1,447948.0,269997.0,16591.0,3621309.0,475658.0,76133.0,163.65611496037585,4550649,205.65534062084168,2689.4341811220474,0
2013,Vakinankaratra,46.89097170329273,65.18494201624868,11.944091690451607,20.33150684931507,26.0,11.438356164383562,3.0,3228.6,110.6,92.61917808219178,35.0,13.257534246575345,1018.8164383561644,44.23390410958904,3.997260273972602,3843.0,10.528767123287672,301.0,0.0,2922.3,35.0,0.0,261.0,18.75,2.3,5.5,1.3,72.0,,63750.0,1.78,34.5,,,,2005000.0,1750899.9314337955,16950.0,103.29793105804104,3,0,0,2,0.5406408174555976,0.8412535328311812,46.89097170329273,0.0,46.89097170329273,65.18494201624868,0.0,65.18494201624868,11.944091690451607,0.0,11.944091690451607,36.9347221278714,7.5343597555743855,57.95180763931794,5.1972226815271485,6.389834852809383,2.8884731037674154,6.2973136496670605,8.893150684931507,1.805,False,False,False,False,False,False,False,False,False,False,False,False,False,False,False,False,False,False,False,True,False,3222.9938264013444,1869.6956328105864,-7.96964826491603,,,4.08,2.171090909090909,1.6,0.1,89.82,21.5,ENSOMD_2012,46.5,,24.0,75.1,73.1,73.64545454545454,42.3,10.5,55.6,68.3,0.8,55.3,1491.1,47.1,9.5,16.1,8.1,37.4,,19.4,-0.66,3.9,2137.0,1678.0,0.28,1.67,1.7,,0.2,0.1,380848.0,229684.0,16581.0,3114578.0,401316.0,77609.0,136.8814248515654,3610626,158.68205306982463,2121.6368917997006,0
2014,Vakinankaratra,40.1,59.9,6.0,20.506849315068493,27.0,11.465753424657532,3.0,1951.1,59.4,92.52876712328766,33.0,13.964383561643835,1018.93698630137,43.11198630136986,4.038356164383561,3842.6,10.527671232876711,297.0,0.0,1634.3,32.0,0.0,266.7,19.14673913043478,3.3,7.2,1.5,72.5,,49223.0,1.55,16.8,,,,2005000.0,1800620.1432271828,16950.0,106.23127688655946,4,45000,68,3,0.9096319953545184,0.4154150130018864,46.89097170329273,-6.790971703292726,44.62731446886182,65.18494201624868,-5.284942016248685,63.42329467749912,11.944091690451607,-5.944091690451607,9.962727793634404,36.9347221278714,7.5343597555743855,57.95180763931794,5.1972226815271485,6.389834852809383,2.8884731037674154,10.51040403621982,9.04109589041096,2.4960000000000004,False,False,False,False,False,False,False,False,False,False,False,False,False,False,False,False,False,False,False,True,False,3247.217788854804,1845.951058261545,0.7515981648809733,,,2.95,2.210681818181818,1.6,0.1,89.82,21.5,MICS_2018,45.7,,35.0,75.1,73.1,73.82727272727273,42.3,10.5,55.6,68.3,0.8,55.3,1500.9,48.0,9.9,16.7,8.4,37.4,,19.4,-0.56,10.5,2142.0,1681.0,0.28,1.67,1.7,,0.2,0.1,366172.0,217542.0,16832.0,2929743.0,376323.0,77852.0,125.20280318296454,3977863,169.99429584021428,2178.91649461231,0
2015,Vakinankaratra,40.1,59.9,6.0,20.40821917808219,28.0,11.32054794520548,4.0,3228.5,92.3,92.47671232876712,54.0,12.764383561643836,1019.0164383561644,47.60924657534247,4.06027397260274,3743.9,10.257260273972603,290.0,0.0,2987.1,54.0,1.0,204.4,19.043478260869566,3.3,8.2,1.8,73.0,,47507.0,2.71,53.6,,,,2005000.0,1851562.3571537407,16950.0,109.23671723620888,3,0,0,1,0.9898214418809328,-0.142314838273285,40.1,0.0,42.36365723443091,59.9,0.0,61.66164733874956,6.0,0.0,7.981363896817203,36.9347221278714,7.5343597555743855,57.95180763931794,5.1972226815271485,6.389834852809383,2.8884731037674154,6.321269685018489,9.087671232876712,1.4619999999999995,False,False,False,False,False,False,False,False,False,False,False,False,False,False,False,False,False,False,False,True,False,3155.481221746184,1718.2949329657465,-2.8250820571222857,,,4.9,3.927096774193548,1.6,0.1,89.82,21.5,MICS_2018,45.0,,52.0,75.1,73.1,74.0090909090909,42.3,10.5,55.6,68.3,0.8,55.3,1508.4,48.9,10.3,17.3,8.7,37.4,,19.3,-0.43,11.0,2147.0,1684.0,0.28,1.67,1.7,,0.2,0.1,329367.0,192137.0,17142.0,2676952.0,346550.0,77246.0,111.25226780008892,3722304,154.69637163510671,1971.071038912372,0
2016,Vakinankaratra,40.1,59.9,6.0,20.06010928961749,27.0,11.136612021857925,4.0,2300.2,100.7,93.13661202185791,37.0,12.647540983606556,1019.8032786885246,47.00512295081968,3.972677595628416,3789.5,10.353825136612022,293.0,0.0,2059.1,25.0,0.0,221.9,17.891304347826086,4.2,6.9,2.0,74.0,,53093.0,2.72,57.1,,,,2005000.0,1901282.568947128,16950.0,112.17006306472732,3,10000,15,3,0.7557495743542583,-0.654860733945285,40.1,0.0,40.1,59.9,0.0,59.9,6.0,0.0,6.0,36.9347221278714,7.5343597555743855,57.95180763931794,5.1972226815271485,6.389834852809383,2.8884731037674154,8.72102829737305,8.923497267759563,2.1750000000000003,False,False,False,False,False,False,False,False,False,False,False,False,False,False,False,False,False,False,False,True,False,3184.2017671732337,1616.7507251586012,0.910179570365388,,,3.68,2.958064516129032,1.6,0.1,89.82,21.5,MICS_2018,44.2,,69.0,75.1,73.1,74.19090909090909,42.3,10.5,55.6,68.3,0.8,55.3,1528.6,49.8,10.7,17.9,9.1,37.5,,19.2,-0.29,11.2,2151.0,1687.0,0.28,1.67,1.7,,0.2,,316331.0,182758.0,17309.0,2629478.0,342723.0,76723.0,106.42153195622512,3815849,154.4369248549065,1947.4073647181729,0
2017,Vakinankaratra,40.1,59.9,6.0,20.78356164383561,29.0,11.265753424657534,4.0,2506.0,102.6,92.87671232876713,44.0,11.63835616438356,1019.2438356164384,43.68458904109589,4.084931506849316,3867.5,10.595890410958903,311.0,0.0,2045.1,44.0,0.0,364.0,19.418478260869566,4.1,8.4,2.5,75.0,,59602.0,3.19,58.7,3.08,,,2005000.0,1952912.1590735945,16950.0,115.21605658251296,3,83000,80,4,0.2817325568414296,-0.9594929736144974,40.1,0.0,40.1,59.9,0.0,59.9,6.0,0.0,6.0,36.9347221278714,7.5343597555743855,57.95180763931794,5.1972226815271485,6.389834852809383,2.8884731037674154,8.293520209032568,9.51780821917808,2.632,False,False,False,False,False,False,False,False,False,False,False,False,False,False,False,False,False,False,False,True,False,3207.061056780647,1661.9746049336782,0.71789702031686,,,1.58,1.1993548387096775,1.6,0.1,89.82,21.5,MICS_2018,43.4,,59.0,75.1,73.1,74.37272727272727,42.3,10.5,55.6,68.3,0.8,55.3,1548.2,50.7,11.1,18.5,9.4,37.5,,19.0,-0.3,10.1,2155.0,1690.0,0.28,1.67,1.7,,0.2,,281487.0,161716.0,17406.0,2522722.0,328799.0,76725.0,99.40158663107492,3600500,141.86874838574573,1796.1182409858354,0
2018,Vakinankaratra,40.1,59.9,6.0,21.301369863013697,28.0,11.676712328767124,6.0,2601.3,134.9,91.45479452054796,38.0,10.616438356164384,1019.0191780821916,39.281164383561645,4.263013698630137,3887.9,10.651780821917807,295.0,0.0,2356.1,38.0,0.0,196.4,20.01086956521739,4.6,8.6,4.2,75.3,498000.00000000006,60114.0,5.59,93.6,3.18,,,2005000.0,2005000.0,16950.0,118.28908554572271,2,0,0,2,-0.2817325568414294,-0.9594929736144976,40.1,0.0,40.1,59.9,0.0,59.9,6.0,0.0,6.0,36.9347221278714,7.5343597555743855,57.95180763931794,5.1972226815271485,6.389834852809383,2.8884731037674154,8.188740192601275,9.624657534246571,1.5139999999999998,False,False,False,False,False,False,False,False,False,False,False,False,False,False,False,False,False,False,False,True,False,3309.0533149764565,1665.830970966667,3.1802406125124527,,,4.81,3.686774193548387,1.6,0.1,89.82,21.5,MICS_2018,42.4,6.4,25.0,75.1,73.1,74.55454545454545,42.3,10.5,55.6,68.3,0.8,55.3,1557.3,51.6,11.5,19.2,9.7,37.7,50.6,18.9,-0.58,2.5,2159.0,1692.0,0.28,1.67,1.7,0.3,0.2,0.1,215000.0,122963.0,17485.0,2500000.0,319450.0,78260.0,95.9471906662573,4030000,154.66687135400676,1903.6974104247545,0
2019,Vakinankaratra,28.0,51.9,4.1,22.19178082191781,31.0,12.484931506849316,2.0,2697.8,79.4,91.23561643835616,27.0,11.224657534246576,1018.890410958904,40.82876712328767,4.356164383561644,3865.6,10.59068493150685,288.0,0.0,2278.6,27.0,0.0,254.1,20.717391304347824,5.0,6.3,4.0,75.2,640000.0,65760.0,11.2,92.5,3.21,,,2005000.0,2059990.0959926865,16950.0,121.53333899661868,2,0,0,1,-0.7557495743542582,-0.6548607339452852,40.1,-12.1,36.06666666666667,59.9,-8.0,57.23333333333333,6.0,-1.9000000000000004,5.366666666666667,36.9347221278714,7.5343597555743855,57.95180763931794,5.1972226815271485,6.389834852809383,2.8884731037674154,8.225880651611613,9.706849315068494,1.081,False,False,False,False,False,False,False,False,False,False,False,False,False,False,False,False,False,False,False,True,False,3560.435825605637,1745.795143860416,7.596810528601883,,,3.5,2.558548387096775,1.6,0.1,89.82,21.5,EDSM_2021,41.4,,20.0,75.1,73.1,74.73636363636363,42.3,10.5,55.6,68.3,0.8,55.3,1585.5,52.5,11.9,19.9,10.1,37.8,,18.8,-0.32,3.0,2163.0,1695.0,0.28,1.67,1.7,,0.2,0.1,219220.0,126258.0,17363.0,2913862.0,369977.0,78758.0,108.84550003093987,3910629,146.0791104522089,1877.889552417082,0
2020,Vakinankaratra,28.0,51.9,4.1,21.601092896174865,31.0,11.530054644808745,3.0,2516.7,88.5,92.3360655737705,23.0,11.3224043715847,1018.9234972677596,55.64275956284153,4.193989071038251,3428.6,9.36775956284153,265.0,0.0,2240.5,23.0,0.0,215.7,20.244565217391305,5.5,7.2,4.5,77.4,,,0.98,102.5,3.2,,,2005000.0,2114903.816852049,16950.0,124.77308653994388,3,0,0,2,-0.9898214418809328,-0.1423148382732852,28.0,0.0,32.03333333333333,51.9,0.0,54.56666666666666,4.1,0.0,4.733333333333333,36.9347221278714,7.5343597555743855,57.95180763931794,5.1972226815271485,6.389834852809383,2.8884731037674154,8.583102036863696,10.07103825136612,1.769,False,False,False,False,False,False,False,False,False,False,False,False,False,False,False,False,False,False,False,True,False,3583.02095770052,1996.883604241949,0.6343361656024449,,,3.12,2.509516129032258,1.6,0.1,89.82,21.5,EDSM_2021,40.4,,22.0,75.1,73.1,74.91818181818181,42.3,10.5,55.6,68.3,0.8,55.3,1436.2,53.4,12.3,20.5,10.4,,,18.7,-0.53,4.2,2167.0,1697.0,0.28,1.67,1.6,,0.2,0.1,224883.0,127026.0,17704.0,2599679.0,328226.0,79204.0,94.58793328879533,4227927,153.830867974814,1889.7225511614288,0
2021,Vakinankaratra,28.0,51.9,4.1,22.7013698630137,33.0,11.254794520547945,4.0,2010.8,117.2,91.4,24.0,11.561643835616438,1020.46301369863,52.18527397260274,4.375342465753425,3463.6,9.48931506849315,268.0,0.0,1754.8,24.0,0.0,114.2,20.98369565217392,6.0,5.5,5.0,78.0,,,,,3.34,0.41,0.43,2005000.0,2171115.9149779067,16950.0,128.0894345119709,2,3000,5,2,-0.9096319953545186,0.415415013001886,28.0,0.0,28.0,51.9,0.0,51.9,4.1,0.0,4.1,36.9347221278714,7.5343597555743855,57.95180763931794,5.1972226815271485,6.389834852809383,2.8884731037674154,11.289720441124777,11.446575342465756,1.472,False,False,False,False,False,False,False,False,False,False,False,False,False,False,False,False,False,False,False,True,False,,,,,,1.95,1.3841935483870969,1.6,0.1,89.82,21.5,EDSM_2021,39.4,7.2,15.0,75.1,73.1,75.1,42.3,10.5,55.6,68.3,0.8,55.3,1463.6,,,,,,54.4,,-0.64,,2184.0,1709.0,0.28,1.67,1.6,0.3,,,232026.0,126200.0,18386.0,2439642.0,306295.0,79650.0,86.46686673995505,4391386,155.6414375821142,1871.484981702268,0
2022,Vakinankaratra,28.0,51.9,4.1,21.81095890410959,30.0,10.56986301369863,3.0,2534.1,219.6,91.37260273972603,52.0,12.282191780821918,1020.8383561643836,52.73561643835617,4.128767123287672,3441.7,9.42931506849315,252.0,0.0,2302.5,52.0,1.0,181.1,21.17934782608696,3.8,10.6,5.5,77.5,,,,,3.65,,,2005000.0,2228397.264970288,16950.0,131.4688651899875,4,0,0,4,-0.5406408174555974,0.8412535328311812,28.0,0.0,28.0,51.9,0.0,51.9,4.1,0.0,4.1,36.9347221278714,7.5343597555743855,57.95180763931794,5.1972226815271485,6.389834852809383,2.8884731037674154,8.606984295848463,11.24109589041096,2.956,False,False,False,False,False,False,False,False,False,False,False,False,False,False,False,False,False,False,False,True,False,,,,,,5.04,3.25258064516129,1.6,0.1,89.82,21.5,EDSM_2021,38.6,7.2,,75.1,73.1,75.28181818181817,42.3,10.5,55.6,68.3,0.8,55.3,,,,,,,,,,,2187.0,1711.0,0.3,1.67,1.6,,,,,,,,,,,4200000,145.03182270084608,1390.716108090305,0
2012,Vatovavy Fitovinany,38.15755392051042,57.074445848564,8.209388185876476,26.30054644808743,32.0,22.3155737704918,17.0,10851.8,145.5,85.21789617486338,57.0,20.06489071038252,1017.9918032786884,36.30242486338798,5.800546448087432,15172.0,10.363387978142075,1297.0,0.0,6624.4,57.0,1.0,2737.2,24.89673913043478,3.1,6.1,5.4,71.5,,66900.0,1.54,20.2,,,,1729000.0,1468319.594697547,19500.0,75.29844075372036,2,0,0,1,0.0,1.0,,,38.15755392051042,,,57.074445848564,,,8.209388185876476,31.919555258274624,5.476492998688145,46.995353790648,5.047263425376391,10.974434215613904,1.8049332090580952,2.423611423734996,3.984972677595629,1.171,False,False,False,False,False,False,False,False,False,False,False,False,False,False,False,False,False,False,False,False,True,3502.0987811488167,2090.852667066967,,,,,,1.7,0.2,90.95,9.0,ENSOMD_2012,47.3,7.5,21.0,82.3,81.4,81.56363636363636,38.9,14.6,50.3,58.3,0.6,45.8,1497.0,46.2,9.1,15.5,7.7,37.5,41.9,19.5,-0.54,4.6,2133.0,1675.0,0.28,1.69,1.7,0.3,0.2,0.1,447948.0,269997.0,16591.0,3621309.0,475658.0,76133.0,163.65611496037585,4550649,205.65534062084168,2689.4341811220474,0
2013,Vatovavy Fitovinany,38.15755392051042,57.074445848564,8.209388185876476,26.07328767123288,33.0,21.931506849315067,17.0,9229.7,106.3,85.15890410958905,50.0,19.334246575342465,1018.5849315068492,36.84332191780822,5.786986301369863,14963.6,10.24904109589041,1279.0,0.0,6103.6,50.0,0.0,2520.8,24.27038043478261,2.3,5.5,1.3,72.0,,63750.0,1.78,34.5,,,,1729000.0,1509878.2949870485,19500.0,77.42965615318198,3,0,0,2,0.5406408174555976,0.8412535328311812,38.15755392051042,0.0,38.15755392051042,57.074445848564,0.0,57.074445848564,8.209388185876476,0.0,8.209388185876476,31.919555258274624,5.476492998688145,46.995353790648,5.047263425376391,10.974434215613904,1.8049332090580952,2.824933385834087,4.141780821917809,1.85,False,False,False,False,False,False,False,False,False,False,False,False,False,False,False,False,False,False,False,False,True,3222.9938264013444,1869.6956328105864,-7.96964826491603,,,,,1.7,0.2,90.95,9.0,ENSOMD_2012,46.5,,24.0,82.3,81.4,81.64545454545454,38.9,14.6,50.3,58.3,0.6,45.8,1491.1,47.1,9.5,16.1,8.1,37.4,,19.4,-0.66,3.9,2137.0,1678.0,0.28,1.67,1.7,,0.2,0.1,380848.0,229684.0,16581.0,3114578.0,401316.0,77609.0,136.8814248515654,3610626,158.68205306982463,2121.6368917997006,0
2014,Vatovavy Fitovinany,34.8,44.0,12.7,26.62054794520548,32.0,22.296575342465754,16.0,7736.5,74.6,84.42876712328767,39.0,19.51027397260274,1018.5602739726028,34.95085616438356,5.85068493150685,15249.3,10.44472602739726,1250.0,0.0,4296.9,31.0,0.0,2729.7,24.876358695652176,3.3,7.2,1.5,72.5,,49223.0,1.55,16.8,,,,1729000.0,1552754.2282492763,19500.0,79.62842196150135,4,45000,68,3,0.9096319953545184,0.4154150130018864,38.15755392051042,-3.3575539205104263,37.03836928034029,57.074445848564,-13.074445848564004,52.71629723237601,8.209388185876476,4.490611814123524,9.706258790584316,31.919555258274624,5.476492998688145,46.995353790648,5.047263425376391,10.974434215613904,1.8049332090580952,3.4409032437414178,4.323972602739726,2.4930000000000003,False,False,False,False,False,False,False,False,False,False,False,False,False,False,False,False,False,False,False,False,True,3247.217788854804,1845.951058261545,0.7515981648809733,,,,,1.7,0.2,90.95,9.0,MICS_2018,45.7,,35.0,82.3,81.4,81.72727272727273,38.9,14.6,50.3,58.3,0.6,45.8,1500.9,48.0,9.9,16.7,8.4,37.4,,19.4,-0.56,10.5,2142.0,1681.0,0.28,1.67,1.7,,0.2,0.1,366172.0,217542.0,16832.0,2929743.0,376323.0,77852.0,125.20280318296454,3977863,169.99429584021428,2178.91649461231,0
2015,Vatovavy Fitovinany,34.8,44.0,12.7,26.01438356164384,31.0,22.14041095890411,16.0,10322.7,222.4,84.24520547945205,49.0,18.43493150684932,1018.8109589041096,44.38835616438356,5.728082191780822,14528.8,9.951232876712329,1288.0,0.0,7352.6,49.0,0.0,2364.9,24.36413043478261,3.3,8.2,1.8,73.0,,47507.0,2.71,53.6,,,,1729000.0,1596683.9478896847,19500.0,81.88122809690691,3,0,0,1,0.9898214418809328,-0.142314838273285,34.8,0.0,35.91918464017014,44.0,0.0,48.358148616188,12.7,0.0,11.203129395292155,31.919555258274624,5.476492998688145,46.995353790648,5.047263425376391,10.974434215613904,1.8049332090580952,2.5201142687130145,3.873972602739727,1.4469999999999998,False,False,False,False,False,False,False,False,False,False,False,False,False,False,False,False,False,False,False,False,True,3155.481221746184,1718.2949329657465,-2.8250820571222857,,,,,1.7,0.2,90.95,9.0,MICS_2018,45.0,,52.0,82.3,81.4,81.80909090909091,38.9,14.6,50.3,58.3,0.6,45.8,1508.4,48.9,10.3,17.3,8.7,37.4,,19.3,-0.43,11.0,2147.0,1684.0,0.28,1.67,1.7,,0.2,0.1,329367.0,192137.0,17142.0,2676952.0,346550.0,77246.0,111.25226780008892,3722304,154.69637163510671,1971.071038912372,0
2016,Vatovavy Fitovinany,34.8,44.0,12.7,25.868169398907103,32.0,22.100409836065573,17.0,7020.5,97.1,83.84016393442623,38.0,18.74248633879781,1019.641393442623,44.31173155737705,5.7506830601092895,14590.0,9.96584699453552,1298.0,0.0,3915.2,31.0,0.0,2854.9,23.67663043478261,4.2,6.9,2.0,74.0,,53093.0,2.72,57.1,,,,1729000.0,1639559.8811519125,19500.0,84.07999390522629,3,10000,15,3,0.7557495743542583,-0.654860733945285,34.8,0.0,34.8,44.0,0.0,44.0,12.7,0.0,12.7,31.919555258274624,5.476492998688145,46.995353790648,5.047263425376391,10.974434215613904,1.8049332090580952,3.684661975487088,3.7677595628415297,2.193,False,False,False,False,False,False,False,False,False,False,False,False,False,False,False,False,False,False,False,False,True,3184.2017671732337,1616.7507251586012,0.910179570365388,,,,,1.7,0.2,90.95,9.0,MICS_2018,44.2,,69.0,82.3,81.4,81.89090909090909,38.9,14.6,50.3,58.3,0.6,45.8,1528.6,49.8,10.7,17.9,9.1,37.5,,19.2,-0.29,11.2,2151.0,1687.0,0.28,1.67,1.7,,0.2,,316331.0,182758.0,17309.0,2629478.0,342723.0,76723.0,106.42153195622512,3815849,154.4369248549065,1947.4073647181729,0
2017,Vatovavy Fitovinany,34.8,44.0,12.7,26.344520547945205,32.0,22.472602739726028,17.0,10668.6,147.5,84.83082191780822,51.0,18.194520547945206,1019.0657534246576,41.1513698630137,5.696575342465754,14746.6,10.10041095890411,1358.0,0.0,6095.7,51.0,3.0,3409.5,24.58016304347826,4.1,8.4,2.5,75.0,,59602.0,3.19,58.7,3.08,,,1729000.0,1684082.3556300472,19500.0,86.3631977246178,3,83000,80,4,0.2817325568414296,-0.9594929736144974,34.8,0.0,34.8,44.0,0.0,44.0,12.7,0.0,12.7,31.919555258274624,5.476492998688145,46.995353790648,5.047263425376391,10.974434215613904,1.8049332090580952,2.469351231459161,3.8719178082191767,2.653,False,False,False,False,False,False,False,False,False,False,False,False,False,False,False,False,False,False,False,False,True,3207.061056780647,1661.9746049336782,0.71789702031686,,,,,1.7,0.2,90.95,9.0,MICS_2018,43.4,,59.0,82.3,81.4,81.97272727272727,38.9,14.6,50.3,58.3,0.6,45.8,1548.2,50.7,11.1,18.5,9.4,37.5,,19.0,-0.3,10.1,2155.0,1690.0,0.28,1.67,1.7,,0.2,,281487.0,161716.0,17406.0,2522722.0,328799.0,76725.0,99.40158663107492,3600500,141.86874838574573,1796.1182409858354,0
2018,Vatovavy Fitovinany,34.8,44.0,12.7,26.20890410958904,33.0,22.29520547945205,17.0,9842.2,247.1,84.79109589041096,50.0,18.11986301369863,1018.804794520548,39.63767123287671,5.747945205479452,14965.3,10.250205479452054,1311.0,0.0,5336.0,50.0,0.0,3953.5,24.695652173913043,4.6,8.6,4.2,75.3,66000.0,60114.0,5.59,93.6,3.18,,,1729000.0,1729000.0,19500.0,88.66666666666667,2,0,0,2,-0.2817325568414294,-0.9594929736144976,34.8,0.0,34.8,44.0,0.0,44.0,12.7,0.0,12.7,31.919555258274624,5.476492998688145,46.995353790648,5.047263425376391,10.974434215613904,1.8049332090580952,2.6629111488883628,3.913698630136988,1.5499999999999998,False,False,False,False,False,False,False,False,False,False,False,False,False,False,False,False,False,False,False,False,True,3309.0533149764565,1665.830970966667,3.1802406125124527,,,,,1.7,0.2,90.95,9.0,MICS_2018,42.4,6.4,25.0,82.3,81.4,82.05454545454545,38.9,14.6,50.3,58.3,0.6,45.8,1557.3,51.6,11.5,19.2,9.7,37.7,50.6,18.9,-0.58,2.5,2159.0,1692.0,0.28,1.67,1.7,0.3,0.2,0.1,215000.0,122963.0,17485.0,2500000.0,319450.0,78260.0,95.9471906662573,4030000,154.66687135400676,1903.6974104247545,0
2019,Vatovavy Fitovinany,25.2,45.7,10.2,26.367808219178084,33.0,22.78698630136986,16.0,9994.5,89.1,85.11438356164383,41.0,17.293150684931508,1018.5972602739726,41.38373287671233,5.744520547945205,14795.0,10.133561643835616,1338.0,0.0,5451.6,41.0,0.0,3600.2,24.22418478260869,5.0,6.3,4.0,75.2,77800.0,65760.0,11.2,92.5,3.21,,,1729000.0,1776420.387018132,19500.0,91.09848138554524,2,0,0,1,-0.7557495743542582,-0.6548607339452852,34.8,-9.599999999999998,31.6,44.0,1.7000000000000028,44.56666666666666,12.7,-2.5,11.866666666666664,31.919555258274624,5.476492998688145,46.995353790648,5.047263425376391,10.974434215613904,1.8049332090580952,2.6382318494349977,3.5808219178082226,1.123,False,False,False,False,False,False,False,False,False,False,False,False,False,False,False,False,False,False,False,False,True,3560.435825605637,1745.795143860416,7.596810528601883,,,,,1.7,0.2,90.95,9.0,EDSM_2021,41.4,,20.0,82.3,81.4,82.13636363636364,38.9,14.6,50.3,58.3,0.6,45.8,1585.5,52.5,11.9,19.9,10.1,37.8,,18.8,-0.32,3.0,2163.0,1695.0,0.28,1.67,1.7,,0.2,0.1,219220.0,126258.0,17363.0,2913862.0,369977.0,78758.0,108.84550003093987,3910629,146.0791104522089,1877.889552417082,0
2020,Vatovavy Fitovinany,25.2,45.7,10.2,25.379781420765028,32.0,21.258879781420767,13.0,8496.9,151.6,86.86953551912568,31.0,17.471994535519126,1019.0928961748634,56.77262636612022,5.487021857923497,12852.2,8.778825136612022,1313.0,0.0,4471.6,31.0,0.0,2998.4,23.623641304347824,5.5,7.2,4.5,77.4,,,0.98,102.5,3.2,,,1729000.0,1823774.912387628,19500.0,93.52691858398092,3,0,0,2,-0.9898214418809328,-0.1423148382732852,25.2,0.0,28.399999999999995,45.7,0.0,45.13333333333333,10.2,0.0,11.033333333333331,31.919555258274624,5.476492998688145,46.995353790648,5.047263425376391,10.974434215613904,1.8049332090580952,2.986945994511531,4.120901639344261,1.793,False,False,False,False,False,False,False,False,False,False,False,False,False,False,False,False,False,False,False,False,True,3583.02095770052,1996.883604241949,0.6343361656024449,,,,,1.7,0.2,90.95,9.0,EDSM_2021,40.4,,22.0,82.3,81.4,82.21818181818182,38.9,14.6,50.3,58.3,0.6,45.8,1436.2,53.4,12.3,20.5,10.4,,,18.7,-0.53,4.2,2167.0,1697.0,0.28,1.67,1.6,,0.2,0.1,224883.0,127026.0,17704.0,2599679.0,328226.0,79204.0,94.58793328879533,4227927,153.830867974814,1889.7225511614288,0
2021,Vatovavy Fitovinany,25.2,45.7,10.2,26.586986301369866,34.0,21.51095890410959,16.0,7055.6,63.7,87.06849315068493,39.0,17.361643835616437,1018.8006849315068,53.420119863013696,5.629452054794521,13237.7,9.06691780821918,1323.0,0.0,3295.6,33.0,0.0,3100.0,24.33967391304348,6.0,5.5,5.0,78.0,,,,,3.34,0.41,0.43,1729000.0,1872249.0857839405,19500.0,96.01277362994568,2,3000,5,2,-0.9096319953545186,0.415415013001886,25.2,0.0,25.2,45.7,0.0,45.7,10.2,0.0,10.2,31.919555258274624,5.476492998688145,46.995353790648,5.047263425376391,10.974434215613904,1.8049332090580952,3.768210542174992,5.0760273972602725,1.499,False,False,False,False,False,False,False,False,False,False,False,False,False,False,False,False,False,False,False,False,True,,,,,,,,1.7,0.2,90.95,9.0,EDSM_2021,39.4,7.2,15.0,82.3,81.4,82.3,38.9,14.6,50.3,58.3,0.6,45.8,1463.6,,,,,,54.4,,-0.64,,2184.0,1709.0,0.28,1.67,1.6,0.3,,,232026.0,126200.0,18386.0,2439642.0,306295.0,79650.0,86.46686673995505,4391386,155.6414375821142,1871.484981702268,0
2022,Vatovavy Fitovinany,25.2,45.7,10.2,26.76232876712329,33.0,21.23013698630137,16.0,8379.3,233.1,86.66164383561645,73.0,17.453424657534246,1018.741095890411,56.65111301369863,5.634246575342465,12836.7,8.792260273972603,1327.0,0.0,4990.9,73.0,5.0,2453.3,24.779891304347824,3.8,10.6,5.5,77.5,,,,,3.65,,,1729000.0,1921645.322261161,19500.0,98.54591396211082,4,0,0,4,-0.5406408174555974,0.8412535328311812,25.2,0.0,25.2,45.7,0.0,45.7,10.2,0.0,10.2,31.919555258274624,5.476492998688145,46.995353790648,5.047263425376391,10.974434215613904,1.8049332090580952,3.193862108663408,5.532191780821915,3.019,False,False,False,False,False,False,False,False,False,False,False,False,False,False,False,False,False,False,False,False,True,,,,,,,,1.7,0.2,90.95,9.0,EDSM_2021,38.6,7.2,,82.3,81.4,82.38181818181818,38.9,14.6,50.3,58.3,0.6,45.8,,,,,,,,,,,2187.0,1711.0,0.3,1.67,1.6,,,,,,,,,,,4200000,145.03182270084608,1390.716108090305,0
